{
  "1": {
    "calculator": "gpaw",
    "calculator_parameters": {
      "hund": true,
      "kpts": [
        10,
        10,
        1
      ],
      "mode": {
        "ecut": 900.0000000000001,
        "name": "pw"
      },
      "spinpol": true,
      "xc": "PBE"
    },
    "cell": {
      "__ase_objtype__": "cell",
      "array": {
        "__ndarray__": [
          [
            3,
            3
          ],
          "float64",
          [
            3.0817040635638238,
            -0.0024070431174373825,
            6.34403730950192e-05,
            1.538989588109275,
            2.669934557185891,
            9.57453640951522e-05,
            0.0015568509248481018,
            0.0009327210305928065,
            29.991461019678443
          ]
        ]
      }
    },
    "ctime": 25.71479203750723,
    "dipole": {
      "__ndarray__": [
        [
          3
        ],
        "float64",
        [
          -3.0759108580132,
          5.103196570315994,
          -0.040286060568536126
        ]
      ]
    },
    "energy": -60.641584941446474,
    "forces": {
      "__ndarray__": [
        [
          7,
          3
        ],
        "float64",
        [
          -0.004761860956479297,
          -0.0023903658307309465,
          -0.014724842462222767,
          -6.93760173020305e-05,
          -0.0008426786968720675,
          0.00301115946115816,
          -0.0014778245830843082,
          -0.0009245457699766114,
          0.02018518461844379,
          0.0059021762188050915,
          0.003406084672160538,
          -0.026659003775898058,
          0.005152834441513155,
          0.0031753407607522945,
          0.005320863606463442,
          0.00022365158434636676,
          0.00026178329535362515,
          0.008193759286907368,
          -0.0044917723607387425,
          -0.002576431746178012,
          0.0036305071791583516
        ]
      ]
    },
    "free_energy": -60.68957196443236,
    "magmom": 4.213525726869411,
    "magmoms": {
      "__ndarray__": [
        [
          7
        ],
        "float64",
        [
          -0.0315942145907755,
          -0.1466118895498623,
          -0.14839488489475822,
          -0.03245409339426391,
          0.9419442776839012,
          2.564883548030172,
          0.9557725487320156
        ]
      ]
    },
    "mtime": 25.71479203750723,
    "numbers": {
      "__ndarray__": [
        [
          7
        ],
        "int64",
        [
          7,
          7,
          7,
          7,
          24,
          24,
          24
        ]
      ]
    },
    "pbc": {
      "__ndarray__": [
        [
          3
        ],
        "bool",
        [
          true,
          true,
          true
        ]
      ]
    },
    "positions": {
      "__ndarray__": [
        [
          7,
          3
        ],
        "float64",
        [
          0.63047107791286,
          0.8002683280297945,
          2.584593111791005,
          2.1688220894626835,
          1.68846982927018,
          4.761382522404714,
          2.1705808538293208,
          1.6896654156198718,
          8.43166168297888,
          3.708492440286724,
          2.577404696868143,
          10.61469984588013,
          2.1687938589001763,
          1.6883724803462772,
          3.090965053177809,
          2.169484307566258,
          1.6887487218149775,
          6.59698406651671,
          2.170213879312275,
          1.6893569104357187,
          10.103662577214937
        ]
      ]
    },
    "stress": {
      "__ndarray__": [
        [
          6
        ],
        "float64",
        [
          -0.00012218464215478633,
          0.000524964337602693,
          0.00040924387822348335,
          -1.3355399230870629e-05,
          -2.332837875738462e-05,
          -0.000565122592613447
        ]
      ]
    },
    "unique_id": "ebd5d0c4d26d1b31bca38c6a8a2d1eca",
    "user": " "
  },
  "ids": [
    1
  ],
  "nextid": 2
}