{
  "1": {
    "calculator": "gpaw",
    "calculator_parameters": {
      "hund": true,
      "kpts": [
        10,
        10,
        1
      ],
      "mode": {
        "ecut": 900.0000000000001,
        "name": "pw"
      },
      "spinpol": true,
      "xc": "PBE"
    },
    "cell": {
      "__ase_objtype__": "cell",
      "array": {
        "__ndarray__": [
          [
            3,
            3
          ],
          "float64",
          [
            3.0808840580257764,
            -0.0006093199842570119,
            -8.352767017639581e-05,
            1.540136593881609,
            2.6683384625867355,
            -5.929530600536595e-05,
            2.674232961816762e-05,
            -4.238141208615797e-05,
            29.99146060404682
          ]
        ]
      }
    },
    "ctime": 25.714848759706026,
    "dipole": {
      "__ndarray__": [
        [
          3
        ],
        "float64",
        [
          -3.4640953261969214,
          6.190130066412576,
          -0.009406109829831266
        ]
      ]
    },
    "energy": -76.69813730794331,
    "forces": {
      "__ndarray__": [
        [
          9,
          3
        ],
        "float64",
        [
          -0.01046331880357432,
          -0.005930649596856901,
          0.008168088266380052,
          -0.0021963739771575486,
          -0.0014153807481091752,
          -0.005956097833386466,
          -0.00018359908896001554,
          -0.00026337388857762463,
          -0.018866070045790707,
          0.0021304285287392687,
          0.0010871651119830673,
          -0.011928152628813271,
          0.008847949390501042,
          0.005033548835952679,
          0.003820129050532452,
          0.013880098705457736,
          0.0078008325094233505,
          -0.010439383373010628,
          -0.00381348851167519,
          -0.0019468142804591798,
          0.025730900385630417,
          0.003978732088124472,
          0.002288173335410652,
          -0.0011463742016792787,
          -0.012227564195165984,
          -0.0068697281794725795,
          0.013237439397272469
        ]
      ]
    },
    "free_energy": -76.76509514325402,
    "magmom": 6.251989355562287,
    "magmoms": {
      "__ndarray__": [
        [
          9
        ],
        "float64",
        [
          -0.02192821636889687,
          -0.11638203020349076,
          -0.24595501172772186,
          -0.114642699137365,
          -0.021342962750336078,
          0.6976207862930824,
          2.552363568482076,
          2.5468187144662187,
          0.6858976333832105
        ]
      ]
    },
    "mtime": 25.714848759706026,
    "numbers": {
      "__ndarray__": [
        [
          9
        ],
        "int64",
        [
          7,
          7,
          7,
          7,
          7,
          24,
          24,
          24,
          24
        ]
      ]
    },
    "pbc": {
      "__ndarray__": [
        [
          3
        ],
        "bool",
        [
          true,
          true,
          true
        ]
      ]
    },
    "positions": {
      "__ndarray__": [
        [
          9,
          3
        ],
        "float64",
        [
          0.6314337629657572,
          0.8002853203964329,
          3.064833804572031,
          2.1701471324254475,
          1.6885679268330605,
          5.219963976571381,
          2.1695980178180565,
          1.6885924268026293,
          8.877602910349573,
          2.169393413052532,
          1.6882672828298402,
          12.535024133311248,
          3.7083289787383733,
          2.5766204377807584,
          14.687759784233004,
          2.170088277324736,
          1.688557872340704,
          3.569627808121497,
          2.161537986930427,
          1.6838857825744358,
          7.110312547985428,
          2.1774860850110818,
          1.6928366842095877,
          10.642099246129456,
          2.1694796971541885,
          1.688245303974011,
          14.184294134801334
        ]
      ]
    },
    "stress": {
      "__ndarray__": [
        [
          6
        ],
        "float64",
        [
          -3.7754588394529556e-05,
          0.00043734775383908993,
          0.00021738691109923089,
          -2.2276636502708113e-05,
          -3.369911553041291e-05,
          -0.0004050991558932509
        ]
      ]
    },
    "unique_id": "98ea4a9f153844a75f6dc9e52c14bc8d",
    "user": " "
  },
  "ids": [
    1
  ],
  "nextid": 2
}