{
  "1": {
    "calculator": "gpaw",
    "calculator_parameters": {
      "hund": true,
      "kpts": [
        10,
        10,
        1
      ],
      "mode": {
        "ecut": 900.0000000000001,
        "name": "pw"
      },
      "spinpol": true,
      "xc": "PBE"
    },
    "cell": {
      "__ase_objtype__": "cell",
      "array": {
        "__ndarray__": [
          [
            3,
            3
          ],
          "float64",
          [
            3.074877361003022,
            0.0006835864685885954,
            2.2199987504441275e-05,
            1.5382534429936963,
            2.662481109321899,
            4.537223937731437e-05,
            0.0011778056018739967,
            0.0007100135964749953,
            39.991458997491534
          ]
        ]
      }
    },
    "ctime": 25.715038521983406,
    "dipole": {
      "__ndarray__": [
        [
          3
        ],
        "float64",
        [
          -3.842908506358313,
          7.260171364525097,
          -0.00613155322801249
        ]
      ]
    },
    "energy": -92.64394510428866,
    "forces": {
      "__ndarray__": [
        [
          11,
          3
        ],
        "float64",
        [
          -0.01040073048137593,
          -0.005787222858943359,
          -0.027237348927423934,
          0.024245995280645707,
          0.013547042553157414,
          -0.0102289486853621,
          0.0027861536383665337,
          0.0015328375993106068,
          -0.018113757209842707,
          -0.002655442788612314,
          -0.0015325520061615536,
          0.012585171319755976,
          -0.024749236433006295,
          -0.013490296112426569,
          0.009259382817068482,
          0.011692664744993345,
          0.006281096326824063,
          0.02776061625704109,
          -0.015720998236942934,
          -0.008969557789297502,
          0.02819777931825839,
          0.0055218597065134455,
          0.0033019998111775413,
          0.016090124585317483,
          -0.006856155525594838,
          -0.003978859471283647,
          -0.0015819629057809213,
          0.004262420621997788,
          0.0023654460914000405,
          -0.04352074445737815,
          0.011833654130054539,
          0.006552670450428411,
          -0.014915516586254627
        ]
      ]
    },
    "free_energy": -92.73678822957505,
    "magmom": 8.245659056445927,
    "magmoms": {
      "__ndarray__": [
        [
          11
        ],
        "float64",
        [
          -0.016676891552915716,
          -0.09771967239175863,
          -0.25074806171661923,
          -0.25091982730028317,
          -0.09855836575439535,
          -0.01690096129250531,
          0.5708880964524417,
          2.418472227148566,
          2.617123816833103,
          2.4190925999357096,
          0.5775572594971218
        ]
      ]
    },
    "mtime": 25.715038521983406,
    "numbers": {
      "__ndarray__": [
        [
          11
        ],
        "int64",
        [
          7,
          7,
          7,
          7,
          7,
          7,
          24,
          24,
          24,
          24,
          24
        ]
      ]
    },
    "pbc": {
      "__ndarray__": [
        [
          3
        ],
        "bool",
        [
          true,
          true,
          true
        ]
      ]
    },
    "positions": {
      "__ndarray__": [
        [
          11,
          3
        ],
        "float64",
        [
          0.6285801322048431,
          0.7977625678399473,
          3.372907286921707,
          2.159805210492549,
          1.6818118421791748,
          5.5241282872882955,
          2.171765010068423,
          1.6884172705237093,
          9.172189344340124,
          2.162133865455582,
          1.682868109264351,
          12.821338662601349,
          2.1728712425099093,
          1.6891882096651232,
          16.466827543334002,
          3.7039033026312222,
          2.5732620950208,
          18.61688764243728,
          2.1651421642081754,
          1.6848506986909104,
          3.880135781316303,
          2.1771974179859255,
          1.691628376700242,
          7.441234340148439,
          2.1599851098544676,
          1.6815456906446482,
          10.9972661847052,
          2.1631444849754975,
          1.683466284889796,
          14.553243251829713,
          2.1674499456964824,
          1.686224681252257,
          18.110891231770818
        ]
      ]
    },
    "stress": {
      "__ndarray__": [
        [
          6
        ],
        "float64",
        [
          -0.00037913571471905944,
          -0.00022775025435062079,
          0.0011737014837693782,
          -0.00014603845801475275,
          -0.0002615084135087304,
          -0.0001369992671118406
        ]
      ]
    },
    "unique_id": "f0fb675c99be2f2f2b4b2b7b30019616",
    "user": " "
  },
  "ids": [
    1
  ],
  "nextid": 2
}