{
  "1": {
    "calculator": "gpaw",
    "calculator_parameters": {
      "hund": true,
      "kpts": [
        10,
        10,
        1
      ],
      "mode": {
        "ecut": 900.0000000000001,
        "name": "pw"
      },
      "spinpol": true,
      "xc": "PBE"
    },
    "cell": {
      "__ase_objtype__": "cell",
      "array": {
        "__ndarray__": [
          [
            3,
            3
          ],
          "float64",
          [
            2.980232624117411,
            0.0016783673747120067,
            -7.725188422395872e-05,
            1.4917851721273063,
            2.5800598774805263,
            -5.889947226992123e-05,
            0.000217997131284581,
            6.2006414187617525e-06,
            29.99146097933161
          ]
        ]
      }
    },
    "ctime": 25.714803214276433,
    "dipole": {
      "__ndarray__": [
        [
          3
        ],
        "float64",
        [
          -2.934819824778398,
          4.904590972326235,
          -0.025883140025967574
        ]
      ]
    },
    "energy": -61.06153527188502,
    "forces": {
      "__ndarray__": [
        [
          7,
          3
        ],
        "float64",
        [
          -0.0034472845894132054,
          -0.0015188324669663817,
          -0.03437541537384124,
          0.006452689780466668,
          0.0023941318706741793,
          0.00964688407846922,
          -0.0171021803298284,
          -0.008499729205410502,
          0.027695582821534157,
          0.006015115399594263,
          0.0031439779902951792,
          -0.04296570010041695,
          -0.0019889498185514266,
          -0.0004175718797195683,
          0.023027722683883894,
          0.0030411642843019204,
          0.0019589734637374704,
          0.027823388928462596,
          0.0075019579314250335,
          0.0035860514689415404,
          -0.011531550582535252
        ]
      ]
    },
    "free_energy": -61.13474771091568,
    "magmom": 1.5692415204476833,
    "magmoms": {
      "__ndarray__": [
        [
          7
        ],
        "float64",
        [
          0.017526113261971232,
          -0.055205458109899734,
          -0.05520295713449576,
          0.01737415869019097,
          -0.20309225426341054,
          2.039888714077788,
          -0.197583896224117
        ]
      ]
    },
    "mtime": 25.714803214276433,
    "numbers": {
      "__ndarray__": [
        [
          7
        ],
        "int64",
        [
          7,
          7,
          7,
          7,
          25,
          25,
          25
        ]
      ]
    },
    "pbc": {
      "__ndarray__": [
        [
          3
        ],
        "bool",
        [
          true,
          true,
          true
        ]
      ]
    },
    "positions": {
      "__ndarray__": [
        [
          7,
          3
        ],
        "float64",
        [
          0.611191642176839,
          0.7739077593198108,
          2.6548946904457518,
          2.098538612769855,
          1.6328137638571503,
          4.84588892411836,
          2.102470797746581,
          1.634664624486082,
          8.343581089748902,
          3.588020245691119,
          2.4927043483403724,
          10.543367612678146,
          2.100264533606347,
          1.6335917508074445,
          3.202495634194968,
          2.099462433838092,
          1.6328987740035523,
          6.594005449726798,
          2.0990349636847023,
          1.6330632646634888,
          9.988705755741417
        ]
      ]
    },
    "stress": {
      "__ndarray__": [
        [
          6
        ],
        "float64",
        [
          0.00020528107084873901,
          0.0001946503877693081,
          0.0015416067875656484,
          -6.466160518768573e-05,
          -0.00013529151380563663,
          1.611444059241909e-05
        ]
      ]
    },
    "unique_id": "a238e3984e49b11899c5438d2fa23094",
    "user": " "
  },
  "ids": [
    1
  ],
  "nextid": 2
}