{
  "1": {
    "calculator": "gpaw",
    "calculator_parameters": {
      "hund": true,
      "kpts": [
        10,
        10,
        1
      ],
      "mode": {
        "ecut": 900.0000000000001,
        "name": "pw"
      },
      "spinpol": true,
      "xc": "PBE"
    },
    "cell": {
      "__ase_objtype__": "cell",
      "array": {
        "__ndarray__": [
          [
            3,
            3
          ],
          "float64",
          [
            2.956574714286819,
            0.0006631012078292504,
            7.471006657799962e-05,
            1.479075579120443,
            2.560072080750787,
            9.299386921229303e-05,
            0.0017068415341595805,
            0.000875985176294002,
            29.991461052581972
          ]
        ]
      }
    },
    "ctime": 25.714866152581855,
    "dipole": {
      "__ndarray__": [
        [
          3
        ],
        "float64",
        [
          -3.3275537721547384,
          5.995916321602781,
          -0.004188666198091295
        ]
      ]
    },
    "energy": -77.62752012735329,
    "forces": {
      "__ndarray__": [
        [
          9,
          3
        ],
        "float64",
        [
          -0.006509801764991079,
          -0.003352341483333689,
          0.023861219624051497,
          0.006001110321966731,
          0.00249769040131906,
          -0.01877157577325712,
          0.0015757002024262559,
          0.0008374526888927208,
          -0.001720902926679963,
          -0.0012758516295851231,
          9.210737483062905e-05,
          0.006848138807630294,
          0.0024582155500184185,
          0.0012840702085668493,
          0.018355077199001056,
          0.0015244741596748932,
          0.001399550365464157,
          -0.015582115626973902,
          -0.0030191222366573434,
          -0.0013988371387814397,
          0.009882564805744936,
          0.0004319458402139935,
          9.635564051088407e-05,
          -0.03963600172547104,
          -0.002254526054036873,
          -0.0016952180476588388,
          0.010144437230251106
        ]
      ]
    },
    "free_energy": -77.72210623633956,
    "magmom": 2.9044522778989696,
    "magmoms": {
      "__ndarray__": [
        [
          9
        ],
        "float64",
        [
          0.021402100974668704,
          -0.05005590100068694,
          -0.1798619566267418,
          -0.05131448727905333,
          0.02129591371997179,
          -0.4482276346695389,
          2.081509807650547,
          2.0836093979848607,
          -0.44676419402262374
        ]
      ]
    },
    "mtime": 25.714866152581855,
    "numbers": {
      "__ndarray__": [
        [
          9
        ],
        "int64",
        [
          7,
          7,
          7,
          7,
          7,
          25,
          25,
          25,
          25
        ]
      ]
    },
    "pbc": {
      "__ndarray__": [
        [
          3
        ],
        "bool",
        [
          true,
          true,
          true
        ]
      ]
    },
    "positions": {
      "__ndarray__": [
        [
          9,
          3
        ],
        "float64",
        [
          0.6041362823666425,
          0.7667280021713739,
          3.1611960587390118,
          2.082306315630388,
          1.6202781979565006,
          5.374328427530339,
          2.0830855015538643,
          1.6204390916042195,
          8.875270550654555,
          2.0837710317349556,
          1.6207745402948308,
          12.375924460421901,
          3.5629782477576755,
          2.474923603625356,
          14.584703849678816,
          2.0820060447783217,
          1.6199643175060956,
          3.737722647709683,
          2.0873982176947443,
          1.6229244279261132,
          7.156737332752163,
          2.079551652547209,
          1.6183935460035879,
          10.596123857922086,
          2.0849174194284927,
          1.6215797454980114,
          14.012084406606803
        ]
      ]
    },
    "stress": {
      "__ndarray__": [
        [
          6
        ],
        "float64",
        [
          -0.00032550315074642185,
          -0.00043621718170392694,
          0.0006676549114591893,
          -2.1442422514591476e-05,
          -5.39449194290546e-05,
          8.83878256594636e-05
        ]
      ]
    },
    "unique_id": "80c288dd7402a50053a545ef57f7c058",
    "user": " "
  },
  "ids": [
    1
  ],
  "nextid": 2
}