{
  "1": {
    "calculator": "gpaw",
    "calculator_parameters": {
      "hund": true,
      "kpts": [
        10,
        10,
        1
      ],
      "mode": {
        "ecut": 800.0,
        "name": "pw"
      },
      "spinpol": true,
      "xc": "PBE"
    },
    "cell": {
      "__ase_objtype__": "cell",
      "array": {
        "__ndarray__": [
          [
            3,
            3
          ],
          "float64",
          [
            2.927896843709469,
            -0.0001981983341393601,
            0.00024758089702245784,
            1.4639883053535114,
            2.5357640108169432,
            0.0002659749072761617,
            0.004039831633930221,
            0.002278094158059008,
            39.99145927935274
          ]
        ]
      }
    },
    "ctime": 25.715987060865075,
    "dipole": {
      "__ndarray__": [
        [
          3
        ],
        "float64",
        [
          -3.7271911493702774,
          7.169539065856177,
          -0.0022142764645311425
        ]
      ]
    },
    "energy": -94.09758043607893,
    "forces": {
      "__ndarray__": [
        [
          11,
          3
        ],
        "float64",
        [
          0.0013925614261414627,
          0.0007630412157439954,
          0.040990223947382505,
          0.004143397189888431,
          0.0025729460849686575,
          0.006558225364058449,
          0.000944503452099547,
          0.0005851823101578853,
          0.030154394159706773,
          -0.0055524691925714995,
          -0.003307009700743452,
          -0.00945304202873357,
          -0.0088837087612467,
          -0.005456849040217749,
          -0.013173324676757671,
          0.005360358601464244,
          0.003207836399116331,
          0.03785105981068924,
          -0.005630132458760412,
          -0.0032815235623401004,
          -0.012802439302911162,
          -0.001272914282363984,
          -0.0007906467183576659,
          -0.04575601831435735,
          0.00211846950964805,
          0.0012366710818084692,
          -0.0028294059673480347,
          0.005125507783036386,
          0.0030730834918509665,
          -0.02878696662442278,
          0.0021033666619375627,
          0.001283558558225501,
          0.005534817633426143
        ]
      ]
    },
    "free_energy": -94.21968242760686,
    "magmom": 4.622209275863076,
    "magmoms": {
      "__ndarray__": [
        [
          11
        ],
        "float64",
        [
          0.017177275283570843,
          -0.041816163380553384,
          -0.1945126467380056,
          -0.1963988456515039,
          -0.04339063818113172,
          0.017477998228513664,
          -0.4326574132129104,
          1.9296861567449968,
          2.3221703542652223,
          1.9457991224831654,
          -0.4282286646380577
        ]
      ]
    },
    "mtime": 25.715987060865075,
    "numbers": {
      "__ndarray__": [
        [
          11
        ],
        "int64",
        [
          7,
          7,
          7,
          7,
          7,
          7,
          25,
          25,
          25,
          25,
          25
        ]
      ]
    },
    "pbc": {
      "__ndarray__": [
        [
          3
        ],
        "bool",
        [
          true,
          true,
          true
        ]
      ]
    },
    "positions": {
      "__ndarray__": [
        [
          11,
          3
        ],
        "float64",
        [
          0.5984904294546782,
          0.7598529290690901,
          3.4965538058443046,
          2.062083161215001,
          1.6047190781154548,
          5.730910415628477,
          2.062349517835473,
          1.6046180081173453,
          9.226271310904687,
          2.0651146467037234,
          1.6062198540793078,
          12.763666667343468,
          2.0652401616874343,
          1.6064418050245552,
          16.258053197507138,
          3.5275513568457657,
          2.4506338681475714,
          18.485596648948537,
          2.0624177333432465,
          1.605074490252759,
          4.1012583244889855,
          2.0637146136072984,
          1.6054963049141737,
          7.54049360355948,
          2.0627914724286747,
          1.6048962877965443,
          10.997861455320693,
          2.062412891758596,
          1.604606074814192,
          14.454993781348373,
          2.064087319786771,
          1.6056773183276953,
          17.887225432391872
        ]
      ]
    },
    "stress": {
      "__ndarray__": [
        [
          6
        ],
        "float64",
        [
          0.00030217895127612613,
          0.0002791788326036116,
          0.0015904427386488479,
          -3.965603951268262e-05,
          -6.378316555263819e-05,
          1.814733897578617e-05
        ]
      ]
    },
    "unique_id": "9fca78dbad63124750c1336e36605e33",
    "user": " "
  },
  "ids": [
    1
  ],
  "nextid": 2
}