{
  "1": {
    "calculator": "gpaw",
    "calculator_parameters": {
      "hund": true,
      "kpts": [
        10,
        10,
        1
      ],
      "mode": {
        "ecut": 900.0000000000001,
        "name": "pw"
      },
      "spinpol": true,
      "xc": "PBE"
    },
    "cell": {
      "__ase_objtype__": "cell",
      "array": {
        "__ndarray__": [
          [
            3,
            3
          ],
          "float64",
          [
            3.174418,
            -0.006191,
            6e-05,
            1.582077,
            2.752277,
            6.7e-05,
            0.001407,
            0.000512,
            19.991461
          ]
        ]
      }
    },
    "ctime": 25.714746259164404,
    "dipole": {
      "__ndarray__": [
        [
          3
        ],
        "float64",
        [
          -3.6549638992926954,
          6.458698049563744,
          -0.07604451073178484
        ]
      ]
    },
    "energy": -66.34181275354733,
    "forces": {
      "__ndarray__": [
        [
          7,
          3
        ],
        "float64",
        [
          -0.008880465802302633,
          -0.004990978768192721,
          -0.01915119277418021,
          0.0039281466834040655,
          0.002398527447768965,
          0.005439136901925553,
          0.007678941226396492,
          0.003963605308200547,
          0.004598387063985627,
          -2.7214444171009635e-05,
          -3.3925671101266334e-06,
          -0.003134870292044205,
          -0.007874050795539182,
          -0.004258699114219723,
          0.010180315548343769,
          -0.0032296103592202334,
          -0.0020162955652584047,
          -0.003998305599207304,
          0.008554461099805332,
          0.004763267744503463,
          0.001189887091106339
        ]
      ]
    },
    "free_energy": -66.4309750306182,
    "magmom": 2.4864855712489007e-06,
    "magmoms": {
      "__ndarray__": [
        [
          7
        ],
        "float64",
        [
          3.129149390051034e-08,
          1.558126811542276e-07,
          8.604600874514668e-09,
          1.5841831682915728e-06,
          -2.4064267882992697e-08,
          2.2479849448900638e-07,
          3.6489186686154864e-08
        ]
      ]
    },
    "mtime": 25.714746259164404,
    "numbers": {
      "__ndarray__": [
        [
          7
        ],
        "int64",
        [
          7,
          42,
          7,
          42,
          7,
          42,
          7
        ]
      ]
    },
    "pbc": {
      "__ndarray__": [
        [
          3
        ],
        "bool",
        [
          true,
          true,
          true
        ]
      ]
    },
    "positions": {
      "__ndarray__": [
        [
          7,
          3
        ],
        "float64",
        [
          0.642603,
          0.821113,
          2.216601,
          2.235348,
          1.740739,
          2.895035,
          2.234162,
          1.740231,
          4.662647,
          2.232737,
          1.739412,
          6.597527,
          2.231701,
          1.738522,
          8.529594,
          2.230379,
          1.73786,
          10.298818,
          3.82307,
          2.657452,
          10.979847
        ]
      ]
    },
    "stress": {
      "__ndarray__": [
        [
          6
        ],
        "float64",
        [
          4.8228639061948535e-05,
          -0.0007782716970088468,
          -0.00043032517369932875,
          -6.18440215154897e-05,
          -0.00011674612322808825,
          0.0007228896047436566
        ]
      ]
    },
    "unique_id": "eb21f313657ae0f30893a34cecc18d50",
    "user": " "
  },
  "ids": [
    1
  ],
  "nextid": 2
}