{
  "1": {
    "calculator": "gpaw",
    "calculator_parameters": {
      "hund": true,
      "kpts": [
        10,
        10,
        1
      ],
      "mode": {
        "ecut": 900.0000000000001,
        "name": "pw"
      },
      "spinpol": true,
      "xc": "PBE"
    },
    "cell": {
      "__ase_objtype__": "cell",
      "array": {
        "__ndarray__": [
          [
            3,
            3
          ],
          "float64",
          [
            2.80287,
            -0.759038,
            0.004326,
            0.739358,
            2.729771,
            0.000966,
            0.209985,
            0.124551,
            19.99599
          ]
        ]
      }
    },
    "ctime": 25.714746632206918,
    "dipole": {
      "__ndarray__": [
        [
          3
        ],
        "float64",
        [
          2.459242280068789,
          1.5992032288107987e-05,
          0.002949950632788098
        ]
      ]
    },
    "energy": -87.86244677199544,
    "forces": {
      "__ndarray__": [
        [
          9,
          3
        ],
        "float64",
        [
          -0.004195988817697885,
          -0.003932722620397981,
          0.009460097727367573,
          -0.015184076329776142,
          -0.0025475350945125684,
          -0.042631337939328814,
          -0.001609055605833013,
          0.010095214526287623,
          -0.0026477967345183546,
          -0.01401422572871813,
          0.004218712809769803,
          0.037319219799860345,
          0.013977811445938362,
          0.001597129297810065,
          -0.01196513768288029,
          0.019253497108498885,
          0.003151506848364266,
          -0.022761995137918066,
          -0.013968063531898597,
          -0.012900964791653481,
          0.013357636629728022,
          -0.001491971260554082,
          0.008085344304822351,
          0.017424748568298117,
          0.017742241140697584,
          -0.008127576927094912,
          0.00014679366485775418
        ]
      ]
    },
    "free_energy": -87.94980422396037,
    "magmom": -1.8347251712313542e-07,
    "magmoms": {
      "__ndarray__": [
        [
          9
        ],
        "float64",
        [
          -4.201997490948748e-09,
          -1.4782574419743492e-09,
          9.754432895478309e-10,
          -6.503842027636381e-08,
          1.6717856058622302e-09,
          -1.63124961064677e-08,
          9.885250538181068e-09,
          -1.1107017426175879e-07,
          1.244816610268555e-08
        ]
      ]
    },
    "mtime": 25.714746632206918,
    "numbers": {
      "__ndarray__": [
        [
          9
        ],
        "int64",
        [
          7,
          42,
          7,
          42,
          7,
          42,
          7,
          42,
          7
        ]
      ]
    },
    "pbc": {
      "__ndarray__": [
        [
          3
        ],
        "bool",
        [
          true,
          true,
          true
        ]
      ]
    },
    "positions": {
      "__ndarray__": [
        [
          9,
          3
        ],
        "float64",
        [
          -0.409345,
          0.585407,
          3.677964,
          1.35981,
          1.570587,
          4.191974,
          1.342647,
          1.569551,
          5.999292,
          2.751714,
          1.186577,
          7.498025,
          1.33635,
          1.567917,
          8.889581,
          2.725413,
          1.193851,
          10.28331,
          1.337682,
          1.576939,
          11.778957,
          1.319917,
          1.578462,
          13.58646,
          3.087663,
          2.565313,
          14.098983
        ]
      ]
    },
    "stress": {
      "__ndarray__": [
        [
          6
        ],
        "float64",
        [
          3.799062757938402e-05,
          -0.0006982870129829763,
          0.0002122983990748934,
          0.00024080540890692595,
          -0.0011520251006792092,
          -0.0002050127483838856
        ]
      ]
    },
    "unique_id": "647a5454a72e9ebea973d72e3cfd9716",
    "user": " "
  },
  "ids": [
    1
  ],
  "nextid": 2
}