{
  "1": {
    "calculator": "gpaw",
    "calculator_parameters": {
      "hund": true,
      "kpts": [
        10,
        10,
        1
      ],
      "mode": {
        "ecut": 900.0000000000001,
        "name": "pw"
      },
      "spinpol": true,
      "xc": "PBE"
    },
    "cell": {
      "__ase_objtype__": "cell",
      "array": {
        "__ndarray__": [
          [
            3,
            3
          ],
          "float64",
          [
            3.117236,
            -0.006343,
            0.000289,
            1.55335,
            2.702865,
            0.000299,
            0.002804,
            0.001345,
            19.991461
          ]
        ]
      }
    },
    "ctime": 25.714748338380158,
    "dipole": {
      "__ndarray__": [
        [
          3
        ],
        "float64",
        [
          -4.740044352229369,
          9.477390938190577,
          8.449410732711252
        ]
      ]
    },
    "energy": -102.48530074870807,
    "forces": {
      "__ndarray__": [
        [
          11,
          3
        ],
        "float64",
        [
          0.01576401021545327,
          0.00913165876833735,
          0.02457766119924673,
          0.009233279665541706,
          0.005303253147174172,
          0.004463456984308749,
          -0.02122453402178333,
          -0.01247341167104074,
          -0.022033552299887633,
          -0.004854545374803994,
          -0.002278218160896466,
          -0.006187881256958644,
          0.002163794165014951,
          -0.0005852155534974251,
          -0.01707727150781733,
          -0.0008985105755629363,
          0.002372153877493961,
          0.002718379152056726,
          -0.0012282932150036018,
          -0.0025019840936237217,
          -0.0033608884193164663,
          0.004824805232820377,
          0.0033816916666360216,
          0.0051994045042933566,
          0.02171446282771499,
          0.012544963079158058,
          0.013218076062375371,
          -0.009135700054467897,
          -0.005474225425897209,
          -0.0047046124177966804,
          -0.016227553282705382,
          -0.009549142974670773,
          0.002446924962263775
        ]
      ]
    },
    "free_energy": -102.59623409859381,
    "magmom": 2.4898515123554715e-07,
    "magmoms": {
      "__ndarray__": [
        [
          11
        ],
        "float64",
        [
          7.117507408921918e-09,
          1.3008276849203148e-08,
          -8.292470585221633e-09,
          4.567138792909109e-08,
          -1.3343974235993598e-08,
          1.9139428497592212e-08,
          -1.3304732508009047e-08,
          1.1093817946296944e-07,
          -1.5261963880074455e-08,
          3.044886736751829e-08,
          4.828832623436227e-09
        ]
      ]
    },
    "mtime": 25.714748338380158,
    "numbers": {
      "__ndarray__": [
        [
          11
        ],
        "int64",
        [
          7,
          42,
          7,
          42,
          7,
          42,
          7,
          42,
          7,
          42,
          7
        ]
      ]
    },
    "pbc": {
      "__ndarray__": [
        [
          3
        ],
        "bool",
        [
          true,
          true,
          true
        ]
      ]
    },
    "positions": {
      "__ndarray__": [
        [
          11,
          3
        ],
        "float64",
        [
          0.626005,
          0.803606,
          2.74427,
          2.19305,
          1.708387,
          3.445661,
          2.204735,
          1.715183,
          5.172125,
          2.188234,
          1.705715,
          7.274438,
          2.197149,
          1.710362,
          9.058974,
          2.193343,
          1.709203,
          10.995869,
          2.190202,
          1.706199,
          12.935144,
          2.19865,
          1.711888,
          14.718039,
          2.182169,
          1.701807,
          16.820439,
          2.194075,
          1.708742,
          18.54604,
          3.761192,
          2.613591,
          19.244357
        ]
      ]
    },
    "stress": {
      "__ndarray__": [
        [
          6
        ],
        "float64",
        [
          0.0006498181953163232,
          -0.0008228542799475638,
          -0.00045638100703326563,
          0.00044272811806729415,
          0.0007568288244215434,
          0.0012768861968615686
        ]
      ]
    },
    "unique_id": "57e2a4cad0908932cd4cc1ef6fdbb3db",
    "user": " "
  },
  "ids": [
    1
  ],
  "nextid": 2
}