{
  "1": {
    "calculator": "gpaw",
    "calculator_parameters": {
      "hund": true,
      "kpts": [
        10,
        10,
        1
      ],
      "mode": {
        "ecut": 900.0000000000001,
        "name": "pw"
      },
      "spinpol": true,
      "xc": "PBE"
    },
    "cell": {
      "__ase_objtype__": "cell",
      "array": {
        "__ndarray__": [
          [
            3,
            3
          ],
          "float64",
          [
            3.367469,
            0.000922,
            -0.000101,
            1.684777,
            2.915902,
            -9.8e-05,
            0.000132,
            -0.000263,
            29.991461
          ]
        ]
      }
    },
    "ctime": 25.714747664070828,
    "dipole": {
      "__ndarray__": [
        [
          3
        ],
        "float64",
        [
          -3.8572522174010313,
          6.774527487050817,
          -0.14166354268192866
        ]
      ]
    },
    "energy": -67.17871227306934,
    "forces": {
      "__ndarray__": [
        [
          7,
          3
        ],
        "float64",
        [
          -0.003503353157536543,
          -0.0024916980308793755,
          -0.009035576500612267,
          0.005169992613588408,
          0.0024396880234078583,
          0.008803921643698531,
          0.0019629429103901865,
          0.0004268503808787923,
          -0.005656662447543764,
          0.004446472288954552,
          0.0027523411465417225,
          0.001608995444154627,
          0.0028618313582226334,
          0.0010729114672278855,
          -0.002429984783426995,
          -0.009745491830076319,
          -0.004185642150643551,
          0.0020660662009837185,
          -0.0007443555143644769,
          -0.00027075858962329383,
          0.004020192072147086
        ]
      ]
    },
    "free_energy": -67.22363390656218,
    "magmom": -7.995876179769146e-07,
    "magmoms": {
      "__ndarray__": [
        [
          7
        ],
        "float64",
        [
          5.678223529608567e-09,
          -7.317994875530737e-09,
          3.914466721964224e-09,
          2.8241775897264074e-09,
          -6.847187104312566e-08,
          -3.6726913297326373e-07,
          -6.255804429103274e-08
        ]
      ]
    },
    "mtime": 25.714747664070828,
    "numbers": {
      "__ndarray__": [
        [
          7
        ],
        "int64",
        [
          7,
          7,
          7,
          7,
          41,
          41,
          41
        ]
      ]
    },
    "pbc": {
      "__ndarray__": [
        [
          3
        ],
        "bool",
        [
          true,
          true,
          true
        ]
      ]
    },
    "positions": {
      "__ndarray__": [
        [
          7,
          3
        ],
        "float64",
        [
          0.691016,
          0.874684,
          2.343485,
          2.371333,
          1.84474,
          4.633666,
          2.375664,
          1.847105,
          8.560457,
          4.053776,
          2.816184,
          10.851701,
          2.37215,
          1.845317,
          2.82101,
          2.369822,
          1.844337,
          6.596988,
          2.372926,
          1.845679,
          10.37323
        ]
      ]
    },
    "stress": {
      "__ndarray__": [
        [
          6
        ],
        "float64",
        [
          9.208365995424146e-05,
          0.0005642445424603869,
          3.7226050755546423e-06,
          -2.167760092736127e-05,
          -4.112525643876151e-05,
          -0.0004097062527379769
        ]
      ]
    },
    "unique_id": "e4fe7c0bd1f563baa64b81ce8a6843b9",
    "user": " "
  },
  "ids": [
    1
  ],
  "nextid": 2
}