{
  "1": {
    "calculator": "gpaw",
    "calculator_parameters": {
      "hund": true,
      "kpts": [
        10,
        10,
        1
      ],
      "mode": {
        "ecut": 900.0000000000001,
        "name": "pw"
      },
      "spinpol": true,
      "xc": "PBE"
    },
    "cell": {
      "__ase_objtype__": "cell",
      "array": {
        "__ndarray__": [
          [
            3,
            3
          ],
          "float64",
          [
            3.087584,
            -0.02103,
            0.086282,
            1.525269,
            2.643623,
            0.001688,
            0.785141,
            -0.433245,
            30.005376
          ]
        ]
      }
    },
    "ctime": 25.714750188156565,
    "dipole": {
      "__ndarray__": [
        [
          3
        ],
        "float64",
        [
          3.4902961614090446,
          3.5412276041030335,
          0.04109215896582515
        ]
      ]
    },
    "energy": -91.76368930072489,
    "forces": {
      "__ndarray__": [
        [
          9,
          3
        ],
        "float64",
        [
          0.021625998179780455,
          -0.0015082957381158146,
          -0.011453435884811807,
          -0.01901935078309601,
          -0.00917949895121278,
          0.013470474169869533,
          0.0071032745992319095,
          -0.0005435190706259738,
          -0.010753325597808389,
          -0.0003035475615491772,
          0.007145596166579257,
          -0.006579280376169625,
          0.016475117082355,
          -0.030074416093113593,
          0.0074980126033785,
          -0.009506327343886838,
          0.0027254737586189398,
          -0.017477958238450806,
          0.010316211997654862,
          0.020325989456252115,
          0.005115268386744252,
          -0.02005564134170499,
          -0.01037027954372621,
          0.006272750208804762,
          -0.006373419097040074,
          0.02103020569762717,
          0.006385686572574357
        ]
      ]
    },
    "free_energy": -91.82181308191568,
    "magmom": 1.8351303085223004e-07,
    "magmoms": {
      "__ndarray__": [
        [
          9
        ],
        "float64",
        [
          -2.4970224871447084e-08,
          -1.0738129073058279e-08,
          3.728431309003973e-09,
          6.250631555292987e-09,
          1.0464245839998318e-08,
          2.3415901602740996e-07,
          1.3971273081151119e-08,
          -1.520972720925177e-08,
          -7.242956613573227e-08
        ]
      ]
    },
    "mtime": 25.714750188156565,
    "numbers": {
      "__ndarray__": [
        [
          9
        ],
        "int64",
        [
          7,
          7,
          7,
          7,
          7,
          41,
          41,
          41,
          41
        ]
      ]
    },
    "pbc": {
      "__ndarray__": [
        [
          3
        ],
        "bool",
        [
          true,
          true,
          true
        ]
      ]
    },
    "positions": {
      "__ndarray__": [
        [
          9,
          3
        ],
        "float64",
        [
          0.004588,
          0.57026,
          3.764182,
          2.988289,
          2.373866,
          6.206263,
          2.907118,
          2.419176,
          8.9152,
          2.828493,
          2.465667,
          11.622451,
          4.274014,
          1.629543,
          14.063908,
          1.577598,
          1.426448,
          4.666047,
          1.413185,
          1.518483,
          7.513407,
          2.878032,
          0.675754,
          10.313986,
          2.700203,
          0.767063,
          13.162206
        ]
      ]
    },
    "stress": {
      "__ndarray__": [
        [
          6
        ],
        "float64",
        [
          0.0011452547265592531,
          -0.0008276775018236023,
          0.0001409467610558521,
          0.00030578199483968484,
          7.953069543637967e-06,
          -0.001331853509701715
        ]
      ]
    },
    "unique_id": "3b6a8d3b151a4039c2183c1d4f54126f",
    "user": " "
  },
  "ids": [
    1
  ],
  "nextid": 2
}