{
  "1": {
    "calculator": "gpaw",
    "calculator_parameters": {
      "hund": true,
      "kpts": [
        10,
        10,
        1
      ],
      "mode": {
        "ecut": 900.0000000000001,
        "name": "pw"
      },
      "spinpol": true,
      "xc": "PBE"
    },
    "cell": {
      "__ase_objtype__": "cell",
      "array": {
        "__ndarray__": [
          [
            3,
            3
          ],
          "float64",
          [
            3.083513,
            0.009898,
            0.007895,
            1.550211,
            2.674568,
            -0.0778,
            0.103364,
            -1.150048,
            40.008821
          ]
        ]
      }
    },
    "ctime": 25.714757002939383,
    "dipole": {
      "__ndarray__": [
        [
          3
        ],
        "float64",
        [
          8.126218846964397,
          5.695355520330138,
          -0.16034964511767122
        ]
      ]
    },
    "energy": -112.38580498854435,
    "forces": {
      "__ndarray__": [
        [
          11,
          3
        ],
        "float64",
        [
          0.0030708034814798044,
          -0.0030819102661733652,
          0.018051931426127328,
          -0.009573220806130867,
          0.009476848934882544,
          -0.0042870392587062885,
          0.018544967442119226,
          -0.012444202914620183,
          -0.010570029926773123,
          -0.004390143799060435,
          -0.006380911303259429,
          0.01368605335063369,
          0.00859921160103811,
          0.007243367995116788,
          0.004503210938998886,
          -0.0297015330837941,
          -0.007769850972805835,
          0.02631145594326071,
          0.011153951922379123,
          -0.010477914030924454,
          -0.008987784444795264,
          0.0004488527886264021,
          -8.569687824113474e-05,
          0.012973604548923625,
          0.022699189357658214,
          0.004025527109906182,
          -4.043034135800868e-05,
          0.007569256817585464,
          0.029679714906947423,
          0.01340002483831366,
          -0.030615551478117127,
          -0.0049611284419586775,
          -0.030891020766713333
        ]
      ]
    },
    "free_energy": -112.45314721088309,
    "magmom": 5.7873341542944676e-08,
    "magmoms": {
      "__ndarray__": [
        [
          11
        ],
        "float64",
        [
          -5.201212180985234e-09,
          -2.014560855288096e-09,
          -2.3607868523994345e-09,
          7.934282679033291e-10,
          1.7528604538426922e-09,
          1.4134647879261987e-09,
          5.6029884397943896e-08,
          -8.468214252394817e-09,
          -3.224531044246913e-09,
          -2.0120392803039997e-09,
          -8.596214369691763e-09
        ]
      ]
    },
    "mtime": 25.714757002939383,
    "numbers": {
      "__ndarray__": [
        [
          11
        ],
        "int64",
        [
          7,
          7,
          7,
          7,
          7,
          7,
          41,
          41,
          41,
          41,
          41
        ]
      ]
    },
    "pbc": {
      "__ndarray__": [
        [
          3
        ],
        "bool",
        [
          true,
          true,
          true
        ]
      ]
    },
    "positions": {
      "__ndarray__": [
        [
          11,
          3
        ],
        "float64",
        [
          0.757009,
          1.090331,
          4.273892,
          2.342842,
          1.97795,
          7.048852,
          2.331481,
          2.052301,
          9.629073,
          2.337247,
          2.129767,
          12.336122,
          2.344816,
          2.207324,
          15.046071,
          3.931255,
          1.413439,
          17.454346,
          2.296688,
          2.000654,
          5.081165,
          2.330583,
          0.232937,
          8.276038,
          0.785595,
          1.193887,
          10.998962,
          2.340723,
          0.387404,
          13.765665,
          2.436356,
          0.496059,
          16.612667
        ]
      ]
    },
    "stress": {
      "__ndarray__": [
        [
          6
        ],
        "float64",
        [
          0.00017978120084184154,
          0.0006573300644525894,
          0.000539779766360724,
          -0.0003739624657228947,
          0.0011288616732534175,
          0.0008902179397629163
        ]
      ]
    },
    "unique_id": "3d251440320d033163dce81f435cd066",
    "user": " "
  },
  "ids": [
    1
  ],
  "nextid": 2
}