{
  "1": {
    "calculator": "gpaw",
    "calculator_parameters": {
      "hund": true,
      "kpts": [
        10,
        10,
        1
      ],
      "mode": {
        "ecut": 900.0000000000001,
        "name": "pw"
      },
      "spinpol": true,
      "xc": "PBE"
    },
    "cell": {
      "__ase_objtype__": "cell",
      "array": {
        "__ndarray__": [
          [
            3,
            3
          ],
          "float64",
          [
            3.617781988298036,
            -0.001007197732440437,
            -0.0016425548588037222,
            1.808388493759761,
            3.158331435548835,
            -0.018614797800682554,
            -0.008531393892254286,
            -0.1715194138155624,
            29.991946274551488
          ]
        ]
      }
    },
    "ctime": 25.71492418797416,
    "dipole": {
      "__ndarray__": [
        [
          3
        ],
        "float64",
        [
          -3.5088947783899394,
          6.60153399629247,
          -0.19708853995752987
        ]
      ]
    },
    "energy": -54.64113149647398,
    "forces": {
      "__ndarray__": [
        [
          7,
          3
        ],
        "float64",
        [
          0.010895398393262534,
          0.012190346122052222,
          -0.0022187695847657196,
          -0.01009085778649439,
          -0.01182011718967292,
          0.006258984008837755,
          -0.0007034568141918903,
          0.011918357894801758,
          -0.009601992473438018,
          -0.002570915799488539,
          0.01635519269101495,
          0.0034471796927943365,
          -0.003509337317943862,
          -0.009947783967241983,
          0.005393833256916813,
          0.013246385778526847,
          0.0008463889281085353,
          0.004731527932249429,
          -0.007213027528311763,
          -0.020593198820559835,
          -0.003397927614806489
        ]
      ]
    },
    "free_energy": -54.67260496488115,
    "magmom": 0.8677114352211105,
    "magmoms": {
      "__ndarray__": [
        [
          7
        ],
        "float64",
        [
          0.010066742294360878,
          0.03828196443519403,
          0.09329721870074342,
          0.15150095559935545,
          0.012058543266925693,
          0.030525064883785546,
          -0.010131348635033396
        ]
      ]
    },
    "mtime": 25.71492418797416,
    "numbers": {
      "__ndarray__": [
        [
          7
        ],
        "int64",
        [
          7,
          7,
          7,
          7,
          21,
          21,
          21
        ]
      ]
    },
    "pbc": {
      "__ndarray__": [
        [
          3
        ],
        "bool",
        [
          true,
          true,
          true
        ]
      ]
    },
    "positions": {
      "__ndarray__": [
        [
          7,
          3
        ],
        "float64",
        [
          0.9847183522613789,
          1.192605140995424,
          3.883398362439759,
          2.798013041933413,
          2.3366600353518283,
          5.9445349979472075,
          2.798281472468588,
          1.8465348139697924,
          7.236951088400789,
          4.621308864059834,
          2.941325930705481,
          9.628511941081099,
          2.7945429512525575,
          2.248970373685139,
          3.8550309876396183,
          0.9882838985505138,
          1.2428592910900635,
          6.207031735687542,
          2.8117203064254515,
          1.8752402310604432,
          9.343223307003583
        ]
      ]
    },
    "stress": {
      "__ndarray__": [
        [
          6
        ],
        "float64",
        [
          -0.000591836165100884,
          -0.00026510350154735073,
          0.00038361991493327137,
          -2.169898381280155e-05,
          0.00013968296808300715,
          5.733930747288425e-05
        ]
      ]
    },
    "unique_id": "edbfe7def712c11bf0c42e53b2234e72",
    "user": " "
  },
  "ids": [
    1
  ],
  "nextid": 2
}