{
  "1": {
    "calculator": "gpaw",
    "calculator_parameters": {
      "hund": true,
      "kpts": [
        10,
        10,
        1
      ],
      "mode": {
        "ecut": 900.0000000000001,
        "name": "pw"
      },
      "spinpol": true,
      "xc": "PBE"
    },
    "cell": {
      "__ase_objtype__": "cell",
      "array": {
        "__ndarray__": [
          [
            3,
            3
          ],
          "float64",
          [
            3.6725874227430984,
            -0.014193873943097539,
            0.008156218670413691,
            1.823093876698141,
            3.1620732249969192,
            0.07474122227181196,
            0.06971849097216017,
            0.8653068071206362,
            30.002196869071202
          ]
        ]
      }
    },
    "ctime": 25.714760730618,
    "dipole": {
      "__ndarray__": [
        [
          3
        ],
        "float64",
        [
          -9.516417561187662,
          -3.7421915053586257,
          -0.014080132566972183
        ]
      ]
    },
    "energy": -71.51881549055788,
    "forces": {
      "__ndarray__": [
        [
          9,
          3
        ],
        "float64",
        [
          0.0033292421317735305,
          -0.016348709603954067,
          0.004251531588059161,
          0.009414565085178805,
          0.0061822156417847,
          -0.0032100153592979548,
          0.00035649704938860627,
          0.028411956540661407,
          0.004641532798345725,
          0.003383435666815486,
          0.004252123725122164,
          0.021007162613227163,
          0.014905134285922834,
          0.020426278488609957,
          -0.028946902987294888,
          -0.024000944854558472,
          0.016844737077485506,
          0.0028043286149010073,
          0.006308592125170365,
          0.0024452397892339235,
          -0.036169335425730496,
          -0.0023821352861104917,
          -0.04675117953951972,
          0.013581833354994294,
          -0.010949467615680587,
          -0.016790592555121695,
          -0.0010084129926007936
        ]
      ]
    },
    "free_energy": -71.57530014331049,
    "magmom": 0.6679786518411885,
    "magmoms": {
      "__ndarray__": [
        [
          9
        ],
        "float64",
        [
          0.01294632892606535,
          0.026149480192244647,
          0.11085941547321436,
          0.06713958970673849,
          0.008557079562962984,
          0.009955270580178316,
          4.683207159614308e-05,
          0.03064040215556972,
          0.015855013770282013
        ]
      ]
    },
    "mtime": 25.714760730618,
    "numbers": {
      "__ndarray__": [
        [
          9
        ],
        "int64",
        [
          7,
          7,
          7,
          7,
          7,
          21,
          21,
          21,
          21
        ]
      ]
    },
    "pbc": {
      "__ndarray__": [
        [
          3
        ],
        "bool",
        [
          true,
          true,
          true
        ]
      ]
    },
    "positions": {
      "__ndarray__": [
        [
          9,
          3
        ],
        "float64",
        [
          0.9906499262875696,
          0.7595516145661496,
          4.94908080728769,
          2.819363174889212,
          1.7605049024033916,
          7.070546207686912,
          2.7893889374509957,
          3.7461966618498757,
          9.496541246924403,
          2.7841858896926603,
          3.1075898086568228,
          10.700638689407926,
          4.617480875691196,
          4.19164966846109,
          12.805009101223176,
          2.829583527845811,
          1.8061756975067367,
          4.9698714408834945,
          0.9813080633269771,
          0.7097171492359595,
          7.2018902368591835,
          2.8021917354024812,
          1.0404772266740907,
          10.395500709975401,
          2.781206320550608,
          3.1424911035516683,
          12.799068455570438
        ]
      ]
    },
    "stress": {
      "__ndarray__": [
        [
          6
        ],
        "float64",
        [
          0.0008147304446992908,
          -0.000858314246899041,
          0.00032868138575648843,
          0.00010856099511627682,
          -0.0002166368861850085,
          -0.0005542774913729225
        ]
      ]
    },
    "unique_id": "cc7b470bcb445dc4907d31b49dc474a8",
    "user": " "
  },
  "ids": [
    1
  ],
  "nextid": 2
}