{
  "1": {
    "calculator": "gpaw",
    "calculator_parameters": {
      "hund": true,
      "kpts": [
        10,
        10,
        1
      ],
      "mode": {
        "ecut": 900.0000000000001,
        "name": "pw"
      },
      "spinpol": true,
      "xc": "PBE"
    },
    "cell": {
      "__ase_objtype__": "cell",
      "array": {
        "__ndarray__": [
          [
            3,
            3
          ],
          "float64",
          [
            3.5995042838954134,
            -0.017842233631610725,
            0.0018129370986090913,
            1.7825825778515934,
            3.168914206117589,
            0.029687376371442375,
            0.012181106933741514,
            0.44272568381728206,
            39.99325495262531
          ]
        ]
      }
    },
    "ctime": 25.715256488468043,
    "dipole": {
      "__ndarray__": [
        [
          3
        ],
        "float64",
        [
          -11.868556662835857,
          -2.6426901027880767,
          -0.1723086462421642
        ]
      ]
    },
    "energy": -87.4420594687786,
    "forces": {
      "__ndarray__": [
        [
          11,
          3
        ],
        "float64",
        [
          -0.001766981990882279,
          -0.0005630045501671825,
          -0.0019990743347223193,
          -0.0020487885748870305,
          0.002042370249694203,
          -0.0036080605948885258,
          0.001510327446676474,
          -0.0016049906663481797,
          -0.011568470739588867,
          -0.00041113811844513875,
          0.004313425205091456,
          0.010356842381668879,
          -0.00046327442870736167,
          0.006716843511101625,
          -0.0001410942255263247,
          0.006574294892544161,
          -0.006053396505043765,
          -0.01693549212509151,
          -0.00550302615080212,
          -9.01006227469537e-06,
          -0.0011506526001901318,
          -0.0015629072946853994,
          0.003253565162802144,
          0.00017633904633440132,
          5.840461557853551e-05,
          0.0027265187238212606,
          0.0024320228559918918,
          -0.0008303362870270433,
          -0.0037742684428936067,
          0.006312336128340838,
          0.003910068548711374,
          -0.005066521661561287,
          0.005489234969005388
        ]
      ]
    },
    "free_energy": -87.53253090913516,
    "magmom": 0.03168688438001216,
    "magmoms": {
      "__ndarray__": [
        [
          11
        ],
        "float64",
        [
          0.0001563530810969808,
          0.000354002547803456,
          0.004019004006037906,
          0.0060891187278179545,
          0.000921872316835229,
          -0.00031098756158949635,
          0.00011083545951724013,
          0.00018278323936990804,
          0.0011664533419745834,
          0.00028308736818594436,
          0.0002427212047184837
        ]
      ]
    },
    "mtime": 25.715256488468043,
    "numbers": {
      "__ndarray__": [
        [
          11
        ],
        "int64",
        [
          7,
          7,
          7,
          7,
          7,
          7,
          21,
          21,
          21,
          21,
          21
        ]
      ]
    },
    "pbc": {
      "__ndarray__": [
        [
          3
        ],
        "bool",
        [
          true,
          true,
          true
        ]
      ]
    },
    "positions": {
      "__ndarray__": [
        [
          11,
          3
        ],
        "float64",
        [
          1.061849228803316,
          0.7329016759203525,
          5.903356974600959,
          2.8608883399632132,
          1.7743651184033038,
          8.12483992205572,
          2.8329467041320915,
          3.786974904680205,
          10.286913769623695,
          2.836441374946724,
          4.261242045996873,
          11.592470767263446,
          2.8472939963057593,
          2.1146553567044353,
          14.11299662783688,
          4.662298812450024,
          3.210271748440986,
          16.52693437924634,
          2.8640639777063113,
          1.796221957712028,
          5.918223836962547,
          1.0571720184287487,
          0.7065870867281185,
          8.109005799388019,
          2.856072397347054,
          1.727702374316294,
          10.543665720364944,
          1.0466523579128078,
          1.053659305177206,
          13.661390650126208,
          2.8590405056974895,
          2.142899124839083,
          16.273391636625156
        ]
      ]
    },
    "stress": {
      "__ndarray__": [
        [
          6
        ],
        "float64",
        [
          0.00022005498342625364,
          0.00017357539847989394,
          0.00027209617839225766,
          0.00010824508325441946,
          -0.00022626517181796555,
          -0.0004521149356595876
        ]
      ]
    },
    "unique_id": "c3947258254b4091f2d3d6116722ef33",
    "user": " "
  },
  "ids": [
    1
  ],
  "nextid": 2
}