{
  "1": {
    "calculator": "gpaw",
    "calculator_parameters": {
      "hund": true,
      "kpts": [
        10,
        10,
        1
      ],
      "mode": {
        "ecut": 900.0000000000001,
        "name": "pw"
      },
      "spinpol": true,
      "xc": "PBE"
    },
    "cell": {
      "__ase_objtype__": "cell",
      "array": {
        "__ndarray__": [
          [
            3,
            3
          ],
          "float64",
          [
            3.363068,
            0.001475,
            -0.000204,
            1.683055,
            2.911778,
            -0.000203,
            -0.000802,
            -0.000816,
            29.991461
          ]
        ]
      }
    },
    "ctime": 25.7147468325926,
    "dipole": {
      "__ndarray__": [
        [
          3
        ],
        "float64",
        [
          -3.955208292085447,
          7.065435238097686,
          -0.1619501905380691
        ]
      ]
    },
    "energy": -65.87178887545072,
    "forces": {
      "__ndarray__": [
        [
          7,
          3
        ],
        "float64",
        [
          -0.018044608345668196,
          -0.007534449786353941,
          -0.011302706411657542,
          0.007168482205130053,
          0.004034567425512916,
          -0.020647882132352,
          -0.00514669147399455,
          -0.0036146000010156697,
          0.018238392899155978,
          0.01861113742460319,
          0.007545789729148462,
          0.0159732939208953,
          0.01290313494058162,
          0.005792864896158736,
          0.03846249300695263,
          -0.0037438499232635915,
          -0.0012466588300753575,
          -0.0016948142574049949,
          -0.01152432729116759,
          -0.005373353504623244,
          -0.04010487280509344
        ]
      ]
    },
    "free_energy": -65.91446388989637,
    "magmom": 8.743367903899529e-07,
    "magmoms": {
      "__ndarray__": [
        [
          7
        ],
        "float64",
        [
          5.433403276367461e-08,
          2.1943967102782363e-08,
          4.6606457164748845e-08,
          6.321574204051603e-08,
          -2.9082627541942213e-07,
          8.100077479027871e-07,
          -2.8354155855826575e-07
        ]
      ]
    },
    "mtime": 25.7147468325926,
    "numbers": {
      "__ndarray__": [
        [
          7
        ],
        "int64",
        [
          7,
          7,
          7,
          7,
          73,
          73,
          73
        ]
      ]
    },
    "pbc": {
      "__ndarray__": [
        [
          3
        ],
        "bool",
        [
          true,
          true,
          true
        ]
      ]
    },
    "positions": {
      "__ndarray__": [
        [
          7,
          3
        ],
        "float64",
        [
          0.692259,
          0.87464,
          2.281751,
          2.364946,
          1.840259,
          4.629132,
          2.374979,
          1.845992,
          8.564339,
          4.046639,
          2.811208,
          10.91099,
          2.369758,
          1.843145,
          2.795856,
          2.367978,
          1.842436,
          6.5968,
          2.369279,
          1.842761,
          10.397535
        ]
      ]
    },
    "stress": {
      "__ndarray__": [
        [
          6
        ],
        "float64",
        [
          0.00013802843815615315,
          0.0007752925975381103,
          0.0007122059963739619,
          -7.7645386217503e-05,
          -0.00013531828048267243,
          -0.0005070121997639473
        ]
      ]
    },
    "unique_id": "8b0b18b2aa260999167c28de11fadef0",
    "user": " "
  },
  "ids": [
    1
  ],
  "nextid": 2
}