{
  "1": {
    "calculator": "gpaw",
    "calculator_parameters": {
      "hund": true,
      "kpts": [
        10,
        10,
        1
      ],
      "mode": {
        "ecut": 900.0000000000001,
        "name": "pw"
      },
      "spinpol": true,
      "xc": "PBE"
    },
    "cell": {
      "__ase_objtype__": "cell",
      "array": {
        "__ndarray__": [
          [
            3,
            3
          ],
          "float64",
          [
            3.123943735587629,
            0.003184622154564481,
            -0.007602822658957647,
            1.5648645527044382,
            2.7120216174732863,
            0.01394205328599235,
            -0.07169257650780976,
            0.19283299690147473,
            29.992178260598585
          ]
        ]
      }
    },
    "ctime": 25.714754032587308,
    "dipole": {
      "__ndarray__": [
        [
          3
        ],
        "float64",
        [
          1.3727832707966885,
          4.549597746914329,
          0.02471888334455231
        ]
      ]
    },
    "energy": -88.78052109222143,
    "forces": {
      "__ndarray__": [
        [
          9,
          3
        ],
        "float64",
        [
          0.015181668252473406,
          0.003002319949746524,
          0.04297013934214854,
          -0.024944261104026432,
          0.00685471172468225,
          -0.027609203206310585,
          0.02410637974801913,
          0.012106123290832875,
          0.009645503633719774,
          -0.023041644050358842,
          -0.008052392637988973,
          -0.004541574047497893,
          0.00856724714592794,
          -0.007383777575008306,
          -0.020139742559812754,
          -0.0040468251047349165,
          0.0037678013786297967,
          -0.0053143144941089964,
          -0.0026878509120796517,
          -0.010854503486387185,
          -0.007578990109504774,
          -0.006415852882121565,
          -0.008954272877086195,
          0.010557023675166926,
          0.011741061470570172,
          0.009351196350108285,
          -0.004708850153056094
        ]
      ]
    },
    "free_energy": -88.86413233701352,
    "magmom": 1.2121370083390707e-05,
    "magmoms": {
      "__ndarray__": [
        [
          9
        ],
        "float64",
        [
          1.5494893922043094e-07,
          1.624795639650113e-07,
          7.483813211512613e-09,
          -1.8922156429857778e-08,
          -6.131651882225373e-08,
          9.025749968236941e-06,
          -2.6931820987217293e-07,
          -7.710551114020668e-07,
          -1.5930771304830162e-06
        ]
      ]
    },
    "mtime": 25.714754032587308,
    "numbers": {
      "__ndarray__": [
        [
          9
        ],
        "int64",
        [
          7,
          7,
          7,
          7,
          7,
          73,
          73,
          73,
          73
        ]
      ]
    },
    "pbc": {
      "__ndarray__": [
        [
          3
        ],
        "bool",
        [
          true,
          true,
          true
        ]
      ]
    },
    "positions": {
      "__ndarray__": [
        [
          9,
          3
        ],
        "float64",
        [
          0.9488771762857567,
          0.8023756974541734,
          3.463867329438378,
          2.578487221527313,
          1.8031613574887209,
          6.312792446599313,
          2.5789189909604535,
          1.7830296812344482,
          8.87827384413264,
          2.5908722498026378,
          1.7679612967105516,
          11.446657140815091,
          3.9599763990645536,
          2.7109000259150484,
          14.288585039247526,
          2.519898602224694,
          1.7220992870887255,
          4.311220465050065,
          1.0166723123332668,
          0.8903367470176518,
          7.495249408775165,
          1.0243362301104548,
          2.6758153257178683,
          10.268984430545729,
          2.4249854564056528,
          1.801421919793038,
          13.442254493055684
        ]
      ]
    },
    "stress": {
      "__ndarray__": [
        [
          6
        ],
        "float64",
        [
          0.0006222958549665726,
          -6.182575040512268e-05,
          0.0018123934568953382,
          0.00034602343272017815,
          -0.00015849721248382094,
          0.00012513897612161565
        ]
      ]
    },
    "unique_id": "9ebcee063a5b9b233452f0ac9386bab7",
    "user": " "
  },
  "ids": [
    1
  ],
  "nextid": 2
}