{
  "1": {
    "calculator": "gpaw",
    "calculator_parameters": {
      "hund": true,
      "kpts": [
        10,
        10,
        1
      ],
      "mode": {
        "ecut": 900.0000000000001,
        "name": "pw"
      },
      "spinpol": true,
      "xc": "PBE"
    },
    "cell": {
      "__ase_objtype__": "cell",
      "array": {
        "__ndarray__": [
          [
            3,
            3
          ],
          "float64",
          [
            3.074092,
            0.000598,
            -0.03177,
            1.537211,
            2.657675,
            -0.032336,
            1.296842,
            0.628794,
            39.971497
          ]
        ]
      }
    },
    "ctime": 25.714750991672005,
    "dipole": {
      "__ndarray__": [
        [
          3
        ],
        "float64",
        [
          2.2234742420901745,
          13.297238384001083,
          -0.10661403959024135
        ]
      ]
    },
    "energy": -109.81942576048428,
    "forces": {
      "__ndarray__": [
        [
          11,
          3
        ],
        "float64",
        [
          -0.011456469711399717,
          -0.002695358119168347,
          -0.00788429617810307,
          0.002349579185359745,
          -0.002719564733759294,
          0.009324462968477956,
          0.0019927744423800585,
          0.003626204892417497,
          0.006977039713640865,
          2.801807214326385e-05,
          0.008423916536221127,
          0.005383999371482066,
          -0.008289195910428156,
          -0.006511574689145559,
          0.0035555070832973923,
          0.002266481266184256,
          -0.004569471113528883,
          -4.712969983432782e-05,
          0.008262295904889387,
          -0.002585367511250295,
          0.011195224397574657,
          -0.011441855097283168,
          0.0019115417329719536,
          -0.009887523373397954,
          0.019998232541802823,
          0.003769583064509808,
          -0.0010766712987314386,
          0.00539559930609403,
          0.0011231940489121364,
          0.018296691549006667,
          -0.009902432758605155,
          0.020441162933409415,
          -0.02619391014416402
        ]
      ]
    },
    "free_energy": -109.88613157202765,
    "magmom": -9.677081521745803e-08,
    "magmoms": {
      "__ndarray__": [
        [
          11
        ],
        "float64",
        [
          2.822372690165769e-09,
          -4.01353379078659e-09,
          -6.241675714905745e-09,
          -1.7294036173918357e-09,
          -1.0810103678876402e-09,
          -5.591814168274357e-09,
          -1.9435365792275147e-07,
          -1.507765949240438e-08,
          -8.288090933978709e-09,
          -1.0249433973045865e-08,
          1.391026372441793e-07
        ]
      ]
    },
    "mtime": 25.714750991672005,
    "numbers": {
      "__ndarray__": [
        [
          11
        ],
        "int64",
        [
          7,
          7,
          7,
          7,
          7,
          7,
          73,
          73,
          73,
          73,
          73
        ]
      ]
    },
    "pbc": {
      "__ndarray__": [
        [
          3
        ],
        "bool",
        [
          true,
          true,
          true
        ]
      ]
    },
    "positions": {
      "__ndarray__": [
        [
          11,
          3
        ],
        "float64",
        [
          0.407838,
          0.661134,
          4.154002,
          3.507546,
          2.450896,
          6.5205,
          3.53466,
          2.466466,
          9.310089,
          3.563952,
          2.481989,
          12.147583,
          3.5933,
          2.494511,
          14.811911,
          5.159097,
          3.370599,
          17.631791,
          1.950664,
          1.545612,
          5.023269,
          1.985102,
          1.573148,
          7.903784,
          2.010729,
          1.587927,
          10.774725,
          2.04424,
          1.603777,
          13.6502,
          3.615031,
          2.483525,
          16.793382
        ]
      ]
    },
    "stress": {
      "__ndarray__": [
        [
          6
        ],
        "float64",
        [
          0.000774792350685946,
          -8.97004236488593e-05,
          0.00046371042345735646,
          -0.0001836760370853658,
          1.783534787203512e-05,
          -0.0001524135889370387
        ]
      ]
    },
    "unique_id": "ab61b851073536019a5f6f7edb4c138d",
    "user": " "
  },
  "ids": [
    1
  ],
  "nextid": 2
}