{
  "1": {
    "calculator": "gpaw",
    "calculator_parameters": {
      "hund": true,
      "kpts": [
        10,
        10,
        1
      ],
      "mode": {
        "ecut": 900.0000000000001,
        "name": "pw"
      },
      "spinpol": true,
      "xc": "PBE"
    },
    "cell": {
      "__ase_objtype__": "cell",
      "array": {
        "__ndarray__": [
          [
            3,
            3
          ],
          "float64",
          [
            3.107245,
            -0.015241,
            -0.014559,
            1.540682,
            2.699409,
            -0.016086,
            -0.090052,
            -0.063146,
            19.991795
          ]
        ]
      }
    },
    "ctime": 25.714746316584716,
    "dipole": {
      "__ndarray__": [
        [
          3
        ],
        "float64",
        [
          3.8577300101806267,
          -0.44686348546492694,
          -0.13149929829029164
        ]
      ]
    },
    "energy": -62.52401978676442,
    "forces": {
      "__ndarray__": [
        [
          7,
          3
        ],
        "float64",
        [
          -0.01698738642853673,
          0.0044966593785495165,
          0.028538263101459887,
          0.011998744652744779,
          -0.006690450048873436,
          0.0042752766827363065,
          -0.001908817053233026,
          0.006508107594498926,
          0.001604628945097101,
          0.004596536734427549,
          0.005700160029232042,
          -0.007105873756264087,
          0.016786828910992726,
          -0.03923607582695821,
          0.003593553196601646,
          -0.008643114666481566,
          0.027447247009476542,
          -0.025916953174065244,
          -0.007049175110566615,
          0.005020860696341907,
          -0.017310116564158307
        ]
      ]
    },
    "free_energy": -62.524562853396624,
    "magmom": 5.324040910264643e-12,
    "magmoms": {
      "__ndarray__": [
        [
          7
        ],
        "float64",
        [
          -2.846549222360319e-09,
          -1.163450299044193e-09,
          -1.6970963013699026e-09,
          5.946854339493223e-09,
          1.3643932282756417e-09,
          4.286572164336893e-09,
          -5.0474706180332544e-09
        ]
      ]
    },
    "mtime": 25.714746316584716,
    "numbers": {
      "__ndarray__": [
        [
          7
        ],
        "int64",
        [
          7,
          22,
          7,
          22,
          7,
          22,
          7
        ]
      ]
    },
    "pbc": {
      "__ndarray__": [
        [
          3
        ],
        "bool",
        [
          true,
          true,
          true
        ]
      ]
    },
    "positions": {
      "__ndarray__": [
        [
          7,
          3
        ],
        "float64",
        [
          1.252766,
          1.174983,
          3.102676,
          2.810139,
          2.075012,
          3.654633,
          2.803591,
          2.066786,
          5.58761,
          -0.211184,
          0.319766,
          6.670414,
          1.262828,
          1.179252,
          7.771699,
          2.788116,
          2.023152,
          9.297543,
          4.349526,
          2.931469,
          9.988719
        ]
      ]
    },
    "stress": {
      "__ndarray__": [
        [
          6
        ],
        "float64",
        [
          -0.0006268637483311276,
          0.0006305559575680656,
          0.0013972916584192253,
          -0.000671729603840034,
          1.9607256358830408e-05,
          -0.0021377069174450224
        ]
      ]
    },
    "unique_id": "209d4a2d055c04f5b24aecb418e40cf6",
    "user": " "
  },
  "ids": [
    1
  ],
  "nextid": 2
}