{
  "1": {
    "calculator": "gpaw",
    "calculator_parameters": {
      "hund": true,
      "kpts": [
        10,
        10,
        1
      ],
      "mode": {
        "ecut": 900.0000000000001,
        "name": "pw"
      },
      "spinpol": true,
      "xc": "PBE"
    },
    "cell": {
      "__ase_objtype__": "cell",
      "array": {
        "__ndarray__": [
          [
            3,
            3
          ],
          "float64",
          [
            3.165169,
            0.022575,
            0.008128,
            1.602544,
            2.718244,
            0.109812,
            0.04038,
            0.749864,
            20.005898
          ]
        ]
      }
    },
    "ctime": 25.71474635216155,
    "dipole": {
      "__ndarray__": [
        [
          3
        ],
        "float64",
        [
          -2.3025584717816336,
          -3.8694255747001183,
          -0.15913677308376598
        ]
      ]
    },
    "energy": -80.87579388094906,
    "forces": {
      "__ndarray__": [
        [
          9,
          3
        ],
        "float64",
        [
          -0.002095529302975905,
          -0.012055111727726383,
          -0.017168063876397754,
          0.015081516942908182,
          0.018847708138731063,
          -0.029890169876339405,
          -0.006630846619762209,
          -0.01893101379595513,
          0.006852567130892759,
          -0.018681268519071835,
          0.004400489446347012,
          0.01165213699597577,
          0.022062475987569975,
          -0.0032081696027278597,
          0.024382482630176325,
          -0.039110395945892,
          -0.010495225628262375,
          0.018058295973929266,
          -0.011220208373205932,
          0.005777724490578831,
          -0.022569829960935817,
          0.022542543056187175,
          0.011746363162029183,
          0.005183594642525636,
          0.018775000700211535,
          0.0041653376221274276,
          0.003662935887119276
        ]
      ]
    },
    "free_energy": -80.92823513836139,
    "magmom": 8.89562897357519e-07,
    "magmoms": {
      "__ndarray__": [
        [
          9
        ],
        "float64",
        [
          -2.0456066208200297e-08,
          5.8846649496320744e-08,
          -2.0383875079922018e-08,
          3.6802036384473815e-07,
          -5.4748630538461926e-08,
          3.6995596286377013e-07,
          -2.211953718072599e-08,
          4.501061495721768e-08,
          -1.2533669490886755e-09
        ]
      ]
    },
    "mtime": 25.71474635216155,
    "numbers": {
      "__ndarray__": [
        [
          9
        ],
        "int64",
        [
          7,
          22,
          7,
          22,
          7,
          22,
          7,
          22,
          7
        ]
      ]
    },
    "pbc": {
      "__ndarray__": [
        [
          3
        ],
        "bool",
        [
          true,
          true,
          true
        ]
      ]
    },
    "positions": {
      "__ndarray__": [
        [
          9,
          3
        ],
        "float64",
        [
          1.066267,
          0.753454,
          4.157298,
          2.643456,
          1.636705,
          4.750558,
          2.641207,
          1.565852,
          6.687303,
          1.123147,
          0.653483,
          7.626472,
          1.032955,
          2.352969,
          8.951666,
          2.520709,
          1.358937,
          10.176224,
          2.59588,
          3.164463,
          11.229508,
          2.555034,
          3.079275,
          13.167139,
          4.130961,
          3.962854,
          13.762633
        ]
      ]
    },
    "stress": {
      "__ndarray__": [
        [
          6
        ],
        "float64",
        [
          0.0023997214034638817,
          -0.0017876214710782824,
          0.0007002395880152592,
          -0.0003824501017081637,
          -0.0005548781403296439,
          0.0016886781850897427
        ]
      ]
    },
    "unique_id": "ad4ea9d1e2615294287c3a240555d6f6",
    "user": " "
  },
  "ids": [
    1
  ],
  "nextid": 2
}