{
  "1": {
    "calculator": "gpaw",
    "calculator_parameters": {
      "hund": true,
      "kpts": [
        10,
        10,
        1
      ],
      "mode": {
        "ecut": 900.0000000000001,
        "name": "pw"
      },
      "spinpol": true,
      "xc": "PBE"
    },
    "cell": {
      "__ase_objtype__": "cell",
      "array": {
        "__ndarray__": [
          [
            3,
            3
          ],
          "float64",
          [
            3.086952,
            -0.013362,
            -0.115862,
            1.53251,
            2.654523,
            -0.001319,
            -0.714501,
            0.404344,
            20.008856
          ]
        ]
      }
    },
    "ctime": 25.714747031252816,
    "dipole": {
      "__ndarray__": [
        [
          3
        ],
        "float64",
        [
          0.012594315982928378,
          2.514540417080329,
          -0.0523022256489447
        ]
      ]
    },
    "energy": -98.27784119467759,
    "forces": {
      "__ndarray__": [
        [
          11,
          3
        ],
        "float64",
        [
          0.005684176151183429,
          -0.003926306260356729,
          -0.007138616205628356,
          0.010957534690313556,
          0.006441349153297586,
          0.025864695785724423,
          -0.008405672323108371,
          0.0024031913962001632,
          0.002633096768776732,
          -0.014078502167596194,
          -0.009816877718777216,
          -0.0010046504494867917,
          0.005686262651103226,
          0.01174132757007885,
          -0.002429338109145461,
          -0.009755189997293415,
          -0.005904471884252057,
          -0.03778925339248817,
          -0.02056630748010552,
          -0.002010266293848354,
          0.0038502966977810174,
          0.003679341603886553,
          -0.013184700618744147,
          -0.0030432366024675493,
          0.01164568738825544,
          -0.01515251244197685,
          0.014379231701046465,
          0.01655638280918818,
          0.021493689429094895,
          0.012787887873488304,
          -0.0016530949348229581,
          0.01093608382069667,
          -0.007195575632044748
        ]
      ]
    },
    "free_energy": -98.31701077459576,
    "magmom": 1.302589000108939e-07,
    "magmoms": {
      "__ndarray__": [
        [
          11
        ],
        "float64",
        [
          -4.602386648312114e-09,
          -6.5183596859659815e-09,
          -1.9856842171951228e-08,
          8.418348487648086e-08,
          -3.157462442669144e-08,
          2.801188168291652e-07,
          -3.303437859939511e-09,
          -2.1936706871596285e-07,
          2.8095973493468948e-08,
          -1.978384990099556e-08,
          1.7977426420184993e-08
        ]
      ]
    },
    "mtime": 25.714747031252816,
    "numbers": {
      "__ndarray__": [
        [
          11
        ],
        "int64",
        [
          7,
          22,
          7,
          22,
          7,
          22,
          7,
          22,
          7,
          22,
          7
        ]
      ]
    },
    "pbc": {
      "__ndarray__": [
        [
          3
        ],
        "bool",
        [
          true,
          true,
          true
        ]
      ]
    },
    "positions": {
      "__ndarray__": [
        [
          11,
          3
        ],
        "float64",
        [
          1.234091,
          0.912546,
          4.76327,
          2.806517,
          1.778019,
          5.326503,
          2.90062,
          1.741751,
          7.287894,
          1.36533,
          0.866469,
          8.293228,
          1.46738,
          2.566077,
          9.637281,
          1.522335,
          0.768845,
          11.034828,
          1.554401,
          2.5215,
          12.214504,
          0.065908,
          1.606829,
          13.602998,
          1.644618,
          2.460382,
          14.652428,
          1.704105,
          2.394039,
          16.593576,
          3.27219,
          3.257451,
          17.152305
        ]
      ]
    },
    "stress": {
      "__ndarray__": [
        [
          6
        ],
        "float64",
        [
          -0.0007233714914300525,
          -0.003886827273483931,
          0.0016452038787662976,
          -0.0001676118401949608,
          -0.00039371270243985455,
          -0.003363447559222417
        ]
      ]
    },
    "unique_id": "9d90ce8ac882313ba02c195b654b6547",
    "user": " "
  },
  "ids": [
    1
  ],
  "nextid": 2
}