{
  "1": {
    "calculator": "gpaw",
    "calculator_parameters": {
      "hund": true,
      "kpts": [
        10,
        10,
        1
      ],
      "mode": {
        "ecut": 900.0000000000001,
        "name": "pw"
      },
      "spinpol": true,
      "xc": "PBE"
    },
    "cell": {
      "__ase_objtype__": "cell",
      "array": {
        "__ndarray__": [
          [
            3,
            3
          ],
          "float64",
          [
            3.1453804594947776,
            0.0025401784998495937,
            -0.00021245183845020003,
            1.5751184492550157,
            2.722731089814456,
            -0.00021069581845225419,
            -0.0009414787887085359,
            -0.0008636648613147156,
            29.9914609950308
          ]
        ]
      }
    },
    "ctime": 25.714752743076463,
    "dipole": {
      "__ndarray__": [
        [
          3
        ],
        "float64",
        [
          -3.2278262777152724,
          5.434139113979555,
          -0.046058727783467306
        ]
      ]
    },
    "energy": -60.700798156436676,
    "forces": {
      "__ndarray__": [
        [
          7,
          3
        ],
        "float64",
        [
          -0.012604175179570277,
          -0.004098626052100135,
          -0.022508161630950138,
          0.02269532743322542,
          0.011891858151791654,
          -0.0071242364194268794,
          -0.022719444983361453,
          -0.01297032861801291,
          0.006205464596728349,
          0.013412902271304553,
          0.004424302647164975,
          0.02591166497133033,
          -0.010291332003721638,
          -0.006949923064188374,
          0.011529204810099307,
          -0.00020727388772706493,
          0.0012665452755568662,
          -0.0013077466996897233,
          0.010579668161644105,
          0.0067595042134379465,
          -0.011882822393125998
        ]
      ]
    },
    "free_energy": -60.7515313889394,
    "magmom": 0.7393018262122016,
    "magmoms": {
      "__ndarray__": [
        [
          7
        ],
        "float64",
        [
          -0.005003025361124941,
          -0.01872326712055466,
          -0.018723130183865073,
          -0.0050050541514719375,
          0.02989307542241561,
          0.6407217509257925,
          0.029808154804610004
        ]
      ]
    },
    "mtime": 25.714752743076463,
    "numbers": {
      "__ndarray__": [
        [
          7
        ],
        "int64",
        [
          7,
          7,
          7,
          7,
          23,
          23,
          23
        ]
      ]
    },
    "pbc": {
      "__ndarray__": [
        [
          3
        ],
        "bool",
        [
          true,
          true,
          true
        ]
      ]
    },
    "positions": {
      "__ndarray__": [
        [
          7,
          3
        ],
        "float64",
        [
          0.6492150185923973,
          0.8186754328779589,
          2.62334998657898,
          2.208948146015951,
          1.719339960583259,
          4.768952295125204,
          2.224230905660962,
          1.7277488735845683,
          8.426549488448943,
          3.783847707582444,
          2.628522099350967,
          10.57156316253994,
          2.2177617317278506,
          1.7242732206571583,
          3.0617448695742975,
          2.216481030768882,
          1.7242359969977326,
          6.597759400645519,
          2.215313340545585,
          1.7228865803217257,
          10.133658767466294
        ]
      ]
    },
    "stress": {
      "__ndarray__": [
        [
          6
        ],
        "float64",
        [
          -0.0010660212825626162,
          -0.0007691234562590719,
          -5.697478596577591e-05,
          -0.000195985527792344,
          -0.000351778087081408,
          -0.0002490512765842072
        ]
      ]
    },
    "unique_id": "3b9a29bd0efd4ea0f70a082d76dbdb30",
    "user": " "
  },
  "ids": [
    1
  ],
  "nextid": 2
}