{
  "1": {
    "calculator": "gpaw",
    "calculator_parameters": {
      "hund": true,
      "kpts": [
        10,
        10,
        1
      ],
      "mode": {
        "ecut": 900.0000000000001,
        "name": "pw"
      },
      "spinpol": true,
      "xc": "PBE"
    },
    "cell": {
      "__ase_objtype__": "cell",
      "array": {
        "__ndarray__": [
          [
            3,
            3
          ],
          "float64",
          [
            2.8906572415273466,
            -0.0065994053224404286,
            0.005400299427003511,
            1.4395697779841523,
            2.490234736884804,
            -0.07337549019386605,
            0.04263544853753058,
            -0.7381263703293872,
            30.001715777598534
          ]
        ]
      }
    },
    "ctime": 25.714753159800374,
    "dipole": {
      "__ndarray__": [
        [
          3
        ],
        "float64",
        [
          -2.099006940060094,
          1.720533887149789,
          -0.045961259247694154
        ]
      ]
    },
    "energy": -82.93824580191826,
    "forces": {
      "__ndarray__": [
        [
          9,
          3
        ],
        "float64",
        [
          0.003311209828769813,
          0.014418893330876198,
          0.013718061297087832,
          0.025365236333871388,
          0.011866587933612819,
          -0.03215644795845201,
          -0.0001344816211287671,
          0.0009154107605628737,
          -0.0037560949988814903,
          -0.015743053687576995,
          -0.0032346666689240474,
          0.000674244531631245,
          -0.00023095959600484512,
          -6.494174976777352e-05,
          0.005069113418805902,
          -0.003818974151062834,
          -0.029623777380403244,
          0.014281309893481961,
          0.012504390783883353,
          0.00014480270247388936,
          0.008396243871748053,
          -0.031453601456786134,
          0.017310633642281796,
          -0.005193006203782129,
          0.013342891142857208,
          -0.01768557916432871,
          -0.011939304669428105
        ]
      ]
    },
    "free_energy": -83.01720588609417,
    "magmom": -0.004368042994124862,
    "magmoms": {
      "__ndarray__": [
        [
          9
        ],
        "float64",
        [
          0.00024528401629243834,
          8.306147188916763e-05,
          3.5393112667363606e-06,
          1.5790735993881162e-05,
          2.9351626761436117e-05,
          -0.0038437540968632444,
          -0.00019929439762063952,
          -6.589017407853236e-05,
          -0.0006176228628747682
        ]
      ]
    },
    "mtime": 25.714753159800374,
    "numbers": {
      "__ndarray__": [
        [
          9
        ],
        "int64",
        [
          7,
          7,
          7,
          7,
          7,
          23,
          23,
          23,
          23
        ]
      ]
    },
    "pbc": {
      "__ndarray__": [
        [
          3
        ],
        "bool",
        [
          true,
          true,
          true
        ]
      ]
    },
    "positions": {
      "__ndarray__": [
        [
          9,
          3
        ],
        "float64",
        [
          0.6414726488645031,
          1.3239982904337102,
          4.018355384414186,
          2.038490957129631,
          0.5342221013830524,
          6.316714855080729,
          2.0626483330300918,
          0.6192034759885113,
          8.839842489032604,
          2.0672192184588725,
          0.6924509491997618,
          11.305749161527329,
          3.4570722105767637,
          1.6469653078245128,
          13.876067989626726,
          2.1398662617447584,
          2.201392227404771,
          4.821811988125515,
          2.048776514690774,
          2.240029648355602,
          7.489462005936207,
          2.0640093536705697,
          2.3211081794117785,
          10.145572391008498,
          2.0158682908909524,
          0.79547096484105,
          13.13967231135275
        ]
      ]
    },
    "stress": {
      "__ndarray__": [
        [
          6
        ],
        "float64",
        [
          0.0015706036693953628,
          -0.0022337020608448554,
          0.00023561573639441927,
          0.0001389282941116431,
          0.0004576750211541886,
          0.00017066341535017986
        ]
      ]
    },
    "unique_id": "f282495269ecd41748e3be959f809841",
    "user": " "
  },
  "ids": [
    1
  ],
  "nextid": 2
}