{
  "1": {
    "calculator": "gpaw",
    "calculator_parameters": {
      "hund": true,
      "kpts": [
        10,
        10,
        1
      ],
      "mode": {
        "ecut": 900.0000000000001,
        "name": "pw"
      },
      "spinpol": true,
      "xc": "PBE"
    },
    "cell": {
      "__ase_objtype__": "cell",
      "array": {
        "__ndarray__": [
          [
            3,
            3
          ],
          "float64",
          [
            2.8986776732767705,
            -0.0013105242879967313,
            -0.012724828204913951,
            1.4485408605774186,
            2.5096630858121434,
            -0.005177226048344589,
            -0.153361997705361,
            0.022372139964748832,
            39.99179921747985
          ]
        ]
      }
    },
    "ctime": 25.715611925327444,
    "dipole": {
      "__ndarray__": [
        [
          3
        ],
        "float64",
        [
          -7.537963336163658,
          -3.2180515181910283,
          0.03234907387028935
        ]
      ]
    },
    "energy": -101.46959969163572,
    "forces": {
      "__ndarray__": [
        [
          11,
          3
        ],
        "float64",
        [
          0.011320234658403745,
          -0.017294847576036766,
          0.04489123995019363,
          -0.01913791129838016,
          -0.0077405354229149,
          -0.008052010504773038,
          0.010862898352136687,
          0.027470484273047446,
          0.009600113308259486,
          -0.004401055221430767,
          0.011379412456428864,
          0.01614389081514179,
          -0.0052330053348717985,
          0.0017787366130631401,
          0.009516001317541423,
          0.002529898266558165,
          0.01006375905121288,
          0.011641239030775987,
          0.006717727872388524,
          -0.006010029378115745,
          5.193113457384776e-05,
          -0.02276176386772664,
          -0.029270428343311682,
          -0.02741232326182968,
          0.023997196688547672,
          0.029990401661449936,
          -0.030505953684611224,
          0.010877212386028996,
          -0.009045676124154422,
          0.0010686752062403946,
          -0.013325447717758149,
          0.0005335113649114784,
          -0.012153873815466065
        ]
      ]
    },
    "free_energy": -101.57926155743884,
    "magmom": 0.004575997457464015,
    "magmoms": {
      "__ndarray__": [
        [
          11
        ],
        "float64",
        [
          2.6637924893930675e-05,
          1.4419220234565323e-05,
          -4.857812056139394e-06,
          5.642826971780079e-06,
          -0.00011432822039945585,
          -0.0001868222977394767,
          -0.0007515925352180899,
          4.55382844383346e-05,
          1.9865781223555817e-05,
          7.930817437092798e-05,
          0.005128435989319172
        ]
      ]
    },
    "mtime": 25.715611925327444,
    "numbers": {
      "__ndarray__": [
        [
          11
        ],
        "int64",
        [
          7,
          7,
          7,
          7,
          7,
          7,
          23,
          23,
          23,
          23,
          23
        ]
      ]
    },
    "pbc": {
      "__ndarray__": [
        [
          3
        ],
        "bool",
        [
          true,
          true,
          true
        ]
      ]
    },
    "positions": {
      "__ndarray__": [
        [
          11,
          3
        ],
        "float64",
        [
          0.3413547730242127,
          0.44527462086046543,
          4.671224592681207,
          1.8615733001557175,
          1.2145222266058275,
          7.262663410461974,
          1.8658650164122572,
          1.1953498294678355,
          9.691026543936893,
          1.8744737616946423,
          1.1927303511465457,
          12.232558320630437,
          1.890826603948386,
          1.196840347578034,
          14.701758561370427,
          3.3723901707541315,
          2.0307741488173705,
          17.280911981814924,
          1.7984354097152648,
          1.2753400309082445,
          5.420880072760191,
          3.315640369871937,
          2.047211600347007,
          8.37052714486863,
          1.8674001648490126,
          2.8657034753256614,
          10.952983365209684,
          1.8825273727975393,
          2.869648483575917,
          13.591359202873909,
          1.9185883987935104,
          1.1952991077736224,
          16.53903626863304
        ]
      ]
    },
    "stress": {
      "__ndarray__": [
        [
          6
        ],
        "float64",
        [
          7.868254072059416e-05,
          0.00018446028695741929,
          0.001658486694256542,
          -0.0003059397140712701,
          0.00019077252330332363,
          -0.0003404431959527465
        ]
      ]
    },
    "unique_id": "1efb767f0c8273609157ee33ea7aa402",
    "user": " "
  },
  "ids": [
    1
  ],
  "nextid": 2
}