{
  "1": {
    "calculator": "gpaw",
    "calculator_parameters": {
      "hund": true,
      "kpts": [
        10,
        10,
        1
      ],
      "mode": {
        "ecut": 900.0000000000001,
        "name": "pw"
      },
      "spinpol": true,
      "xc": "PBE"
    },
    "cell": {
      "__ase_objtype__": "cell",
      "array": {
        "__ndarray__": [
          [
            3,
            3
          ],
          "float64",
          [
            3.144838,
            -0.000795,
            -0.000357,
            1.571958,
            2.72407,
            -0.000353,
            -0.002372,
            -0.001674,
            29.991461
          ]
        ]
      }
    },
    "ctime": 25.71475085829508,
    "dipole": {
      "__ndarray__": [
        [
          3
        ],
        "float64",
        [
          -3.832361945137753,
          7.000999973384922,
          -0.14201259476600658
        ]
      ]
    },
    "energy": -67.24512958526891,
    "forces": {
      "__ndarray__": [
        [
          7,
          3
        ],
        "float64",
        [
          -0.006298994466425291,
          -0.003910383384728554,
          0.027237112605884777,
          -0.014096475610309925,
          -0.008156229920100993,
          -0.008479427084599185,
          0.0170335837129757,
          0.009710534006528323,
          0.010671865117035016,
          0.004954563922534259,
          0.002572876482931272,
          -0.024181620786886498,
          0.016880045294066108,
          0.009772409019247088,
          0.003849912280239831,
          -0.0004656500562590929,
          -0.0002830963718848225,
          -0.0009547533946812418,
          -0.018155976673504524,
          -0.010068390125275878,
          -0.004304877240772611
        ]
      ]
    },
    "free_energy": -67.30526353280857,
    "magmom": 1.0285628841042528e-07,
    "magmoms": {
      "__ndarray__": [
        [
          7
        ],
        "float64",
        [
          -4.742051444076868e-09,
          -1.061209171783452e-08,
          -1.4676069545380444e-08,
          6.624458584348728e-10,
          2.3896349976707474e-08,
          7.109458699539837e-08,
          4.583810643289154e-08
        ]
      ]
    },
    "mtime": 25.71475085829508,
    "numbers": {
      "__ndarray__": [
        [
          7
        ],
        "int64",
        [
          7,
          7,
          7,
          7,
          74,
          74,
          74
        ]
      ]
    },
    "pbc": {
      "__ndarray__": [
        [
          3
        ],
        "bool",
        [
          true,
          true,
          true
        ]
      ]
    },
    "positions": {
      "__ndarray__": [
        [
          7,
          3
        ],
        "float64",
        [
          0.643036,
          0.815864,
          2.103283,
          2.21844,
          1.72563,
          4.663254,
          2.20904,
          1.720072,
          8.528564,
          3.78571,
          2.630531,
          11.088665,
          2.215018,
          1.723599,
          2.859995,
          2.214117,
          1.723213,
          6.596052,
          2.21353,
          1.722648,
          10.331969
        ]
      ]
    },
    "stress": {
      "__ndarray__": [
        [
          6
        ],
        "float64",
        [
          -3.411868117230006e-05,
          -6.563418494382283e-05,
          0.0010404640558317262,
          4.765521580983903e-05,
          8.12546754443978e-05,
          2.5517048174721512e-05
        ]
      ]
    },
    "unique_id": "d0e681960618dd5eae895f9609771998",
    "user": " "
  },
  "ids": [
    1
  ],
  "nextid": 2
}