{
  "1": {
    "calculator": "gpaw",
    "calculator_parameters": {
      "hund": true,
      "kpts": [
        10,
        10,
        1
      ],
      "mode": {
        "ecut": 900.0000000000001,
        "name": "pw"
      },
      "spinpol": true,
      "xc": "PBE"
    },
    "cell": {
      "__ase_objtype__": "cell",
      "array": {
        "__ndarray__": [
          [
            3,
            3
          ],
          "float64",
          [
            3.116699,
            -0.003802,
            0.000133,
            1.555282,
            2.701144,
            0.00014,
            0.002241,
            0.001036,
            29.991461
          ]
        ]
      }
    },
    "ctime": 25.714750862132508,
    "dipole": {
      "__ndarray__": [
        [
          3
        ],
        "float64",
        [
          -4.448544188453726,
          8.678287836106598,
          -0.041868777569892726
        ]
      ]
    },
    "energy": -85.65338887776244,
    "forces": {
      "__ndarray__": [
        [
          9,
          3
        ],
        "float64",
        [
          -0.005645194043992098,
          -0.005394744510207375,
          -0.0004809099084003603,
          -0.010331984182767404,
          -0.006316231667868621,
          -0.02431346433652838,
          -7.862205499636657e-05,
          -5.834583119056956e-05,
          -0.00230512107163343,
          0.011095530207279788,
          0.006188522160200099,
          -0.023317459065753863,
          0.0035184558987619513,
          0.004277011250327195,
          0.02306086703777538,
          0.014853243169701618,
          0.009258726826855723,
          -0.0004897767987011402,
          0.0006111144692577882,
          0.00046713292774601444,
          0.023658243018427484,
          -0.0006715900161929583,
          -0.0002812851567271452,
          0.020879682585321312,
          -0.013263951954875158,
          -0.00841931330471001,
          -0.017247631462481393
        ]
      ]
    },
    "free_energy": -85.73042273841152,
    "magmom": -2.1034038700529434e-08,
    "magmoms": {
      "__ndarray__": [
        [
          9
        ],
        "float64",
        [
          -1.1176099001815734e-09,
          -1.4465414531607796e-09,
          -1.5550808571816555e-09,
          2.094347394897375e-09,
          5.359818511640582e-10,
          -1.8243668282185325e-09,
          -4.398911858842825e-09,
          -1.0195133399807776e-08,
          -3.3128869158316715e-09
        ]
      ]
    },
    "mtime": 25.714750862132508,
    "numbers": {
      "__ndarray__": [
        [
          9
        ],
        "int64",
        [
          7,
          7,
          7,
          7,
          7,
          74,
          74,
          74,
          74
        ]
      ]
    },
    "pbc": {
      "__ndarray__": [
        [
          3
        ],
        "bool",
        [
          true,
          true,
          true
        ]
      ]
    },
    "positions": {
      "__ndarray__": [
        [
          9,
          3
        ],
        "float64",
        [
          0.633123,
          0.806884,
          2.464428,
          2.196288,
          1.709624,
          5.00803,
          2.193864,
          1.708037,
          8.876159,
          2.191125,
          1.706464,
          12.747101,
          3.754857,
          2.609276,
          15.285979,
          2.192519,
          1.707302,
          3.226717,
          2.197667,
          1.710464,
          7.006625,
          2.189969,
          1.706105,
          10.741877,
          2.195207,
          1.708738,
          14.526461
        ]
      ]
    },
    "stress": {
      "__ndarray__": [
        [
          6
        ],
        "float64",
        [
          -2.118525993382401e-05,
          -0.000447127715058855,
          0.0006044175973891251,
          4.091842301319139e-05,
          6.800084753874474e-05,
          0.00037325532098232244
        ]
      ]
    },
    "unique_id": "e455edd09e1d06f962a7bd048e41b13a",
    "user": " "
  },
  "ids": [
    1
  ],
  "nextid": 2
}