{
  "1": {
    "calculator": "gpaw",
    "calculator_parameters": {
      "hund": true,
      "kpts": [
        10,
        10,
        1
      ],
      "mode": {
        "ecut": 900.0000000000001,
        "name": "pw"
      },
      "spinpol": true,
      "xc": "PBE"
    },
    "cell": {
      "__ase_objtype__": "cell",
      "array": {
        "__ndarray__": [
          [
            3,
            3
          ],
          "float64",
          [
            2.987548,
            0.008882,
            -0.037786,
            1.488457,
            2.589971,
            -0.032881,
            -0.234726,
            -0.104927,
            39.990678
          ]
        ]
      }
    },
    "ctime": 25.71475395218772,
    "dipole": {
      "__ndarray__": [
        [
          3
        ],
        "float64",
        [
          -3.8215391729726647,
          16.105304177142493,
          -0.037792352141643545
        ]
      ]
    },
    "energy": -108.09545512710248,
    "forces": {
      "__ndarray__": [
        [
          11,
          3
        ],
        "float64",
        [
          -0.0018869261727406698,
          0.004219318180029592,
          0.02202455927599701,
          0.0017248739389006402,
          0.001797498280512233,
          -0.012175834278397487,
          -0.011846399876934723,
          0.0080649936855358,
          -0.0014397862381335422,
          -0.01381998564980085,
          0.008299503353557638,
          0.007934874099981995,
          0.004130331313176129,
          -0.0104198317583806,
          0.004485882255827545,
          0.005585886407777766,
          0.017501540124128804,
          -0.003721990350338122,
          -0.0015429330187569693,
          0.00888122268653072,
          -0.0014047014765729258,
          -0.0075750620675737014,
          -0.009215432255073699,
          0.0053403952072980125,
          0.017958347654622238,
          -0.0276338447256021,
          -0.012929880588594424,
          0.0017471146068167645,
          -0.023727502303947653,
          -0.008843281874577847,
          0.004821944458240204,
          0.018867245481575545,
          0.000907894320290175
        ]
      ]
    },
    "free_energy": -108.16215721048736,
    "magmom": 5.020552979329496e-09,
    "magmoms": {
      "__ndarray__": [
        [
          11
        ],
        "float64",
        [
          3.1688905036521306e-09,
          -3.223022846777397e-09,
          4.2110078003891614e-10,
          -8.761652807342743e-10,
          -1.452565650039219e-09,
          3.755419759574642e-09,
          3.9887417537280283e-10,
          1.1967406907477476e-09,
          -1.2990093910881584e-09,
          1.4960860405092836e-09,
          -4.229994198535946e-09
        ]
      ]
    },
    "mtime": 25.71475395218772,
    "numbers": {
      "__ndarray__": [
        [
          11
        ],
        "int64",
        [
          7,
          7,
          7,
          7,
          7,
          7,
          74,
          74,
          74,
          74,
          74
        ]
      ]
    },
    "pbc": {
      "__ndarray__": [
        [
          3
        ],
        "bool",
        [
          true,
          true,
          true
        ]
      ]
    },
    "positions": {
      "__ndarray__": [
        [
          11,
          3
        ],
        "float64",
        [
          0.830426,
          1.028229,
          3.286076,
          2.352692,
          1.921301,
          6.046202,
          0.891188,
          1.089975,
          9.445445,
          0.921326,
          1.105225,
          12.146644,
          2.439495,
          1.963887,
          15.514339,
          3.954344,
          2.812827,
          18.267643,
          2.333814,
          1.899957,
          4.184714,
          2.369875,
          1.943827,
          7.882948,
          0.907971,
          -0.623908,
          10.810409,
          2.427827,
          1.975264,
          13.685297,
          2.453775,
          1.945424,
          17.379855
        ]
      ]
    },
    "stress": {
      "__ndarray__": [
        [
          6
        ],
        "float64",
        [
          0.0020506513791683292,
          0.0014518191842587565,
          0.0012485271398734695,
          -0.00016472268962296018,
          -0.00045474394460985374,
          0.0004278596470117033
        ]
      ]
    },
    "unique_id": "3e48b6c146fa9495ba6e262df048b116",
    "user": " "
  },
  "ids": [
    1
  ],
  "nextid": 2
}