{
  "1": {
    "calculator": "gpaw",
    "calculator_parameters": {
      "hund": true,
      "kpts": [
        10,
        10,
        1
      ],
      "mode": {
        "ecut": 900.0000000000001,
        "name": "pw"
      },
      "spinpol": true,
      "xc": "PBE"
    },
    "cell": {
      "__ase_objtype__": "cell",
      "array": {
        "__ndarray__": [
          [
            3,
            3
          ],
          "float64",
          [
            2.705269,
            0.0,
            0.0,
            -1.352635,
            2.342832,
            0.0,
            0.0,
            -0.0,
            30.0
          ]
        ]
      }
    },
    "ctime": 25.714725279861444,
    "dipole": {
      "__ndarray__": [
        [
          3
        ],
        "float64",
        [
          2.7449197348502916,
          -1.5847778112184223,
          -2.537352112954653
        ]
      ]
    },
    "energy": -62.515362874488325,
    "forces": {
      "__ndarray__": [
        [
          7,
          3
        ],
        "float64",
        [
          -0.0016333420637895388,
          0.0011678284819365504,
          -0.02382946680401812,
          0.001122747015676691,
          -0.0008016804865103192,
          0.04292878316594919,
          0.0011865979844591051,
          -0.0007512137813907413,
          0.010224389650914007,
          -0.001088427039469866,
          0.0006287976001211632,
          8.494190208207185e-06,
          0.0011659896545606462,
          -0.0007397413104964072,
          -0.012043709534393073,
          0.0011588282624611164,
          -0.0008226515998263089,
          -0.04227211394864507,
          -0.0017560184054188598,
          0.00123863808836619,
          0.02418082282371117
        ]
      ]
    },
    "free_energy": -62.577396992154256,
    "magmom": 1.0442661445648345e-06,
    "magmoms": {
      "__ndarray__": [
        [
          7
        ],
        "float64",
        [
          -4.73318981844614e-07,
          9.840808907732483e-07,
          -2.321461482378774e-07,
          7.419446059776886e-07,
          -2.0767398075110384e-07,
          1.0292070308487068e-06,
          -4.495823600785528e-07
        ]
      ]
    },
    "mtime": 25.714725279861444,
    "numbers": {
      "__ndarray__": [
        [
          7
        ],
        "int64",
        [
          7,
          24,
          7,
          24,
          7,
          24,
          7
        ]
      ]
    },
    "pbc": {
      "__ndarray__": [
        [
          3
        ],
        "bool",
        [
          true,
          true,
          true
        ]
      ]
    },
    "positions": {
      "__ndarray__": [
        [
          7,
          3
        ],
        "float64",
        [
          1.352635,
          0.780944,
          1.087815,
          0.0,
          -0.0,
          2.136957,
          1.352635,
          0.780944,
          3.542353,
          -0.0,
          -0.0,
          4.798722,
          1.352635,
          0.780944,
          6.055099,
          -0.0,
          -0.0,
          7.460447,
          1.352635,
          0.780944,
          8.509703
        ]
      ]
    },
    "stress": {
      "__ndarray__": [
        [
          6
        ],
        "float64",
        [
          0.00012887226952645826,
          0.00019854996350501052,
          0.0007375445947342109,
          -4.2386147245016155e-08,
          7.00997969144436e-08,
          6.048955455195636e-05
        ]
      ]
    },
    "unique_id": "163c20c73905e752e2c2d64e9ad50c4f",
    "user": " "
  },
  "ids": [
    1
  ],
  "nextid": 2
}