{
  "1": {
    "calculator": "gpaw",
    "calculator_parameters": {
      "hund": true,
      "kpts": [
        10,
        10,
        1
      ],
      "mode": {
        "ecut": 900.0000000000001,
        "name": "pw"
      },
      "spinpol": true,
      "xc": "PBE"
    },
    "cell": {
      "__ase_objtype__": "cell",
      "array": {
        "__ndarray__": [
          [
            3,
            3
          ],
          "float64",
          [
            2.704488,
            -0.0,
            -0.0,
            -1.352244,
            2.342155,
            -0.0,
            0.0,
            -0.0,
            30.0
          ]
        ]
      }
    },
    "ctime": 25.714726715222287,
    "dipole": {
      "__ndarray__": [
        [
          3
        ],
        "float64",
        [
          3.430793705232283,
          -1.9807654152587542,
          -3.6700702259746816
        ]
      ]
    },
    "energy": -81.23396144771101,
    "forces": {
      "__ndarray__": [
        [
          9,
          3
        ],
        "float64",
        [
          0.0,
          0.004960920929056895,
          -0.02323756799081725,
          0.0,
          -0.00422668300533229,
          -0.00413765859004832,
          0.0,
          -0.003971230359255661,
          -0.011948806792295005,
          0.0,
          0.0055358360492066255,
          0.006182958621808297,
          0.0,
          -0.004128468590887509,
          -0.0006635368653565209,
          0.0,
          0.00552012066858953,
          -0.010116440848247154,
          0.0,
          -0.004006947761081895,
          0.02108996168648583,
          0.0,
          -0.004199821044795019,
          0.003548224343761726,
          0.0,
          0.004755943770192789,
          0.010034373267940407
        ]
      ]
    },
    "free_energy": -81.32587690636723,
    "magmom": 1.3037194642961898e-05,
    "magmoms": {
      "__ndarray__": [
        [
          9
        ],
        "float64",
        [
          -8.627108612490971e-07,
          4.157656144745454e-06,
          -4.786795873222746e-07,
          7.299258368263446e-06,
          -6.867774922793451e-07,
          7.078977880292116e-06,
          -4.988965043408226e-07,
          3.0031084256722562e-06,
          -8.630582522981945e-07
        ]
      ]
    },
    "mtime": 25.714726715222287,
    "numbers": {
      "__ndarray__": [
        [
          9
        ],
        "int64",
        [
          7,
          24,
          7,
          24,
          7,
          24,
          7,
          24,
          7
        ]
      ]
    },
    "pbc": {
      "__ndarray__": [
        [
          3
        ],
        "bool",
        [
          true,
          true,
          true
        ]
      ]
    },
    "positions": {
      "__ndarray__": [
        [
          9,
          3
        ],
        "float64",
        [
          1.352244,
          0.780718,
          0.988547,
          -0.0,
          -0.0,
          2.040569,
          1.352244,
          0.780718,
          3.455946,
          -0.0,
          -0.0,
          4.701922,
          1.352244,
          0.780718,
          5.999923,
          -0.0,
          -0.0,
          7.297806,
          1.352244,
          0.780718,
          8.543581,
          0.0,
          -0.0,
          9.958714,
          1.352244,
          0.780718,
          11.010615
        ]
      ]
    },
    "stress": {
      "__ndarray__": [
        [
          6
        ],
        "float64",
        [
          0.00025645327562536906,
          0.0003428959965018711,
          0.001536639308640342,
          -1.8780180898632124e-07,
          0.0,
          0.0
        ]
      ]
    },
    "unique_id": "f54fcbf04e561134456b547c8757fbb4",
    "user": " "
  },
  "ids": [
    1
  ],
  "nextid": 2
}