{
  "1": {
    "calculator": "gpaw",
    "calculator_parameters": {
      "hund": true,
      "kpts": [
        10,
        10,
        1
      ],
      "mode": {
        "ecut": 900.0000000000001,
        "name": "pw"
      },
      "spinpol": true,
      "xc": "PBE"
    },
    "cell": {
      "__ase_objtype__": "cell",
      "array": {
        "__ndarray__": [
          [
            3,
            3
          ],
          "float64",
          [
            2.702048,
            -0.0,
            -0.0,
            -1.351024,
            2.340042,
            0.0,
            0.0,
            0.0,
            30.0
          ]
        ]
      }
    },
    "ctime": 25.714728409931663,
    "dipole": {
      "__ndarray__": [
        [
          3
        ],
        "float64",
        [
          4.122371974448113,
          -2.3800597183672414,
          -5.290573055849321
        ]
      ]
    },
    "energy": -99.96362233621538,
    "forces": {
      "__ndarray__": [
        [
          11,
          3
        ],
        "float64",
        [
          0.0,
          0.0045969693849043205,
          -0.014694070797904007,
          0.0,
          -0.004800611751431961,
          -0.009390484776592824,
          0.0,
          -0.0002542875710014726,
          -0.01057601866599618,
          0.0,
          0.0017268648689941844,
          -0.004072913978384789,
          0.0,
          -0.002396029245556598,
          -0.009592452436845752,
          0.0,
          0.0028174893808667278,
          -0.0027638668721882034,
          0.0,
          -0.0024145618477182567,
          0.008799636664727493,
          0.0,
          0.0018163733787533818,
          0.006167578931433329,
          0.0,
          -0.00039373257733552676,
          0.011437324455037713,
          0.0,
          -0.004829960631204273,
          0.00319611738436146,
          0.0,
          0.004425100864739359,
          0.0013548796705568976
        ]
      ]
    },
    "free_energy": -100.09176866298189,
    "magmom": -1.8077022322700552e-05,
    "magmoms": {
      "__ndarray__": [
        [
          11
        ],
        "float64",
        [
          -5.418474704121378e-07,
          -1.4500512744311584e-05,
          2.0231389644069295e-06,
          -1.467847182926338e-05,
          1.3152842309829185e-06,
          4.92759041089555e-06,
          -8.942020574126827e-07,
          6.808124066867478e-06,
          2.4187109353562248e-08,
          -6.8650851813564375e-06,
          1.7175697594736072e-06
        ]
      ]
    },
    "mtime": 25.714728409931663,
    "numbers": {
      "__ndarray__": [
        [
          11
        ],
        "int64",
        [
          7,
          24,
          7,
          24,
          7,
          24,
          7,
          24,
          7,
          24,
          7
        ]
      ]
    },
    "pbc": {
      "__ndarray__": [
        [
          3
        ],
        "bool",
        [
          true,
          true,
          true
        ]
      ]
    },
    "positions": {
      "__ndarray__": [
        [
          11,
          3
        ],
        "float64",
        [
          1.351024,
          0.780014,
          0.890098,
          0.0,
          0.0,
          1.944355,
          1.351024,
          0.780014,
          3.35442,
          -0.0,
          0.0,
          4.603855,
          1.351024,
          0.780014,
          5.904785,
          0.0,
          0.0,
          7.200191,
          1.351024,
          0.780014,
          8.495529,
          -0.0,
          0.0,
          9.796368,
          1.351024,
          0.780014,
          11.045904,
          -0.0,
          0.0,
          12.455692,
          1.351024,
          0.780014,
          13.509957
        ]
      ]
    },
    "stress": {
      "__ndarray__": [
        [
          6
        ],
        "float64",
        [
          -0.00035227775814150066,
          -0.00019863289517942586,
          0.00048473324324765807,
          -1.0006890558503656e-06,
          0.0,
          -9.721372535005708e-21
        ]
      ]
    },
    "unique_id": "59ca57199dea2c58226f8dc98739adca",
    "user": " "
  },
  "ids": [
    1
  ],
  "nextid": 2
}