{
  "1": {
    "calculator": "gpaw",
    "calculator_parameters": {
      "hund": true,
      "kpts": [
        10,
        10,
        1
      ],
      "mode": {
        "ecut": 1000.0,
        "name": "pw"
      },
      "spinpol": true,
      "xc": "PBE"
    },
    "cell": {
      "__ase_objtype__": "cell",
      "array": {
        "__ndarray__": [
          [
            3,
            3
          ],
          "float64",
          [
            2.7257571325318035,
            9.270560047416461e-22,
            -6.541509978045601e-22,
            -1.3628785662659018,
            2.361060144143034,
            3.819606441885546e-07,
            4.1978899970514624e-17,
            3.3161793301633193e-06,
            29.999999999997627
          ]
        ]
      }
    },
    "ctime": 25.717508629814017,
    "dipole": {
      "__ndarray__": [
        [
          3
        ],
        "float64",
        [
          2.6498460589817907,
          -1.4844853285648003,
          -6.411404987813297
        ]
      ]
    },
    "energy": -61.23287432748426,
    "forces": {
      "__ndarray__": [
        [
          7,
          3
        ],
        "float64",
        [
          0.0,
          -0.01974849868118579,
          0.0204870737757143,
          0.0,
          0.024198233472378688,
          -0.0023425426866974124,
          0.0,
          0.007851130911261776,
          0.008106318087122075,
          0.0,
          -0.023006986354334003,
          -0.012202711917944779,
          0.0,
          0.006618911775651327,
          -0.013865249780431825,
          0.0,
          0.024928197466630327,
          0.007966630120863334,
          0.0,
          -0.020210416999228445,
          -0.005817249742152835
        ]
      ]
    },
    "free_energy": -61.313576239502396,
    "magmom": 3.070502313189585,
    "magmoms": {
      "__ndarray__": [
        [
          7
        ],
        "float64",
        [
          -0.05024688483415971,
          1.0381119126899414,
          -0.020500437735586022,
          1.3258785799334587,
          -0.020307717921263246,
          1.0303550808110282,
          -0.04992398407104568
        ]
      ]
    },
    "mtime": 25.717508629814017,
    "numbers": {
      "__ndarray__": [
        [
          7
        ],
        "int64",
        [
          7,
          25,
          7,
          25,
          7,
          25,
          7
        ]
      ]
    },
    "pbc": {
      "__ndarray__": [
        [
          3
        ],
        "bool",
        [
          true,
          true,
          true
        ]
      ]
    },
    "positions": {
      "__ndarray__": [
        [
          7,
          3
        ],
        "float64",
        [
          1.3628785662659224,
          0.7904989158282456,
          0.8463222816693275,
          -1.840600305611617e-16,
          -0.002031637901042011,
          1.7887831402109904,
          1.3628785662659222,
          0.7855715514743229,
          3.2775169032336806,
          2.88801070143459e-17,
          0.00046474612885993155,
          4.504910511468544,
          1.3628785662659224,
          0.7857127212634758,
          5.732039475106029,
          1.9603626077485735e-17,
          -0.0020943240860162304,
          7.218263984020978,
          1.3628785662659224,
          0.7904833300581103,
          8.1611616172411
        ]
      ]
    },
    "stress": {
      "__ndarray__": [
        [
          6
        ],
        "float64",
        [
          0.0006439681221088977,
          -3.7169917636762356e-05,
          0.000797553064050313,
          5.7184894139071545e-06,
          -9.113786751567852e-22,
          3.888549014002283e-20
        ]
      ]
    },
    "unique_id": "c2d376bdf79198c97a3d3fa25d3235b7",
    "user": " "
  },
  "ids": [
    1
  ],
  "nextid": 2
}