{
  "1": {
    "calculator": "gpaw",
    "calculator_parameters": {
      "hund": true,
      "kpts": [
        10,
        10,
        1
      ],
      "mode": {
        "ecut": 900.0000000000001,
        "name": "pw"
      },
      "spinpol": true,
      "xc": "PBE"
    },
    "cell": {
      "__ase_objtype__": "cell",
      "array": {
        "__ndarray__": [
          [
            3,
            3
          ],
          "float64",
          [
            2.7265364891496153,
            -0.00018170447481097196,
            -6.109711388230782e-06,
            -1.3634261144942472,
            2.3611899437777573,
            6.065115691022346e-06,
            -6.843336806569371e-05,
            3.893069650325581e-05,
            30.00000000013787
          ]
        ]
      }
    },
    "ctime": 25.7148095431571,
    "dipole": {
      "__ndarray__": [
        [
          3
        ],
        "float64",
        [
          3.3132170008322235,
          -1.9121811135455644,
          -3.2875924448894445
        ]
      ]
    },
    "energy": -79.52986812804986,
    "forces": {
      "__ndarray__": [
        [
          9,
          3
        ],
        "float64",
        [
          -0.0006429134293979843,
          -0.0009323118923562537,
          0.03082574614685054,
          0.002907931379827634,
          -2.2773005866840827e-05,
          0.0024218967888569626,
          0.0015694028079671707,
          -0.0007606162182707216,
          -0.03161545684188348,
          -0.005406276468061612,
          0.002248149827575153,
          -0.0016921070575494494,
          0.004079640141384264,
          -0.0015808733142957596,
          0.008120238656209576,
          -0.0049427657545361315,
          0.0020049016908467343,
          -4.688973605634484e-05,
          0.0013258693927534469,
          -0.0006349927232537395,
          0.019153698368248945,
          0.003631953090910051,
          -0.0004586090721154907,
          0.004426754143263235,
          -0.0011938076381738014,
          -0.0005865466587277513,
          -0.022400864382748117
        ]
      ]
    },
    "free_energy": -79.62430372646666,
    "magmom": 5.070923738453223,
    "magmoms": {
      "__ndarray__": [
        [
          9
        ],
        "float64",
        [
          -0.04968511039970889,
          1.1027468478019173,
          -0.02378711919999457,
          1.6274623067338576,
          -0.034198523562136145,
          1.6327262256739805,
          -0.023897013354537477,
          1.1026986627942623,
          -0.04966836304329344
        ]
      ]
    },
    "mtime": 25.7148095431571,
    "numbers": {
      "__ndarray__": [
        [
          9
        ],
        "int64",
        [
          7,
          25,
          7,
          25,
          7,
          25,
          7,
          25,
          7
        ]
      ]
    },
    "pbc": {
      "__ndarray__": [
        [
          3
        ],
        "bool",
        [
          true,
          true,
          true
        ]
      ]
    },
    "positions": {
      "__ndarray__": [
        [
          9,
          3
        ],
        "float64",
        [
          1.3642892004043345,
          0.7864705243073878,
          1.0272905120976095,
          0.0008547973333377717,
          -0.0005463093987642606,
          1.9643175988993644,
          1.3622272428730542,
          0.7873924932146625,
          3.474484009413901,
          -0.0006497098969176024,
          0.0003908495790478006,
          4.671817409159754,
          1.3624884662544137,
          0.7872702524887423,
          5.9976786552332655,
          -0.0006988089016361807,
          0.0004195657501157164,
          7.326283891383897,
          1.3621921003789377,
          0.7874134475898363,
          8.524299650269887,
          0.0006094002478458419,
          -0.0004036872606253662,
          10.032569302724385,
          1.3641622804266536,
          0.7865421888522004,
          10.970042696012543
        ]
      ]
    },
    "stress": {
      "__ndarray__": [
        [
          6
        ],
        "float64",
        [
          0.0007638412041710105,
          0.0006185686675687018,
          0.0014714991827828607,
          -3.018994561033289e-06,
          4.707986487104107e-06,
          -0.00011753387891063644
        ]
      ]
    },
    "unique_id": "7990356cf6a90d15eb912f8f4729ca89",
    "user": " "
  },
  "ids": [
    1
  ],
  "nextid": 2
}