{
  "1": {
    "calculator": "gpaw",
    "calculator_parameters": {
      "hund": true,
      "kpts": [
        10,
        10,
        1
      ],
      "mode": {
        "ecut": 900.0000000000001,
        "name": "pw"
      },
      "spinpol": true,
      "xc": "PBE"
    },
    "cell": {
      "__ase_objtype__": "cell",
      "array": {
        "__ndarray__": [
          [
            3,
            3
          ],
          "float64",
          [
            2.723228582184591,
            4.321570535488962e-05,
            7.990776619991725e-06,
            -1.3615763593337673,
            2.3584246218223233,
            -7.979296973934946e-06,
            8.966664800600308e-05,
            -5.162303671186779e-05,
            30.000000000228997
          ]
        ]
      }
    },
    "ctime": 25.714883485329096,
    "dipole": {
      "__ndarray__": [
        [
          3
        ],
        "float64",
        [
          3.9839449743988062,
          -2.2985947824649204,
          -4.882550523586175
        ]
      ]
    },
    "energy": -97.80101356152377,
    "forces": {
      "__ndarray__": [
        [
          11,
          3
        ],
        "float64",
        [
          0.005984373688540144,
          -0.005142556506474511,
          0.008438067282259477,
          -0.00426244541540678,
          0.004507278743855099,
          0.007463132643172156,
          0.002808381802427814,
          -0.0016807914925426723,
          0.0028521483733122384,
          -0.002800796474505415,
          0.001219962225177028,
          0.009116734615363989,
          -0.001727859445585382,
          0.0009404543549492091,
          0.026691018742214925,
          0.0004104207665039314,
          0.000145870823925125,
          -0.0006317954156931468,
          -0.001703503343722902,
          0.0009171235101864421,
          -0.01916331521962312,
          -0.003146128692387217,
          0.0014227307484053159,
          0.0029125982395995192,
          0.0027754683758653125,
          -0.0016672206286559262,
          0.03528733612646621,
          -0.003397951130949065,
          0.004042625673373581,
          -0.03733345476353856,
          0.005718300266702622,
          -0.005017053074273045,
          -0.035759198307373535
        ]
      ]
    },
    "free_energy": -97.91596909345014,
    "magmom": 6.891644073164563,
    "magmoms": {
      "__ndarray__": [
        [
          11
        ],
        "float64",
        [
          -0.04805357066779409,
          1.0962941717857981,
          -0.021555525844845255,
          1.6667097166927378,
          -0.035305566648050055,
          1.7878075638861721,
          -0.0351519790205769,
          1.6763065648386573,
          -0.021696198024151875,
          1.1121301265667658,
          -0.048721918676888284
        ]
      ]
    },
    "mtime": 25.714883485329096,
    "numbers": {
      "__ndarray__": [
        [
          11
        ],
        "int64",
        [
          7,
          25,
          7,
          25,
          7,
          25,
          7,
          25,
          7,
          25,
          7
        ]
      ]
    },
    "pbc": {
      "__ndarray__": [
        [
          3
        ],
        "bool",
        [
          true,
          true,
          true
        ]
      ]
    },
    "positions": {
      "__ndarray__": [
        [
          11,
          3
        ],
        "float64",
        [
          1.3622272334468164,
          0.7860141191235507,
          0.9205126189552015,
          0.0018593361257054075,
          -0.0011351046378770993,
          1.8540293060055564,
          1.3607826463880563,
          0.7865468729596599,
          3.3711292430717212,
          -0.0008101044226879204,
          0.00048413882809214206,
          4.558589659840015,
          1.361098171209364,
          0.7864320230485343,
          5.9138756723248855,
          -0.0008194300196313499,
          0.0004245133476502951,
          7.200053863424468,
          1.3611203671756917,
          0.7864201287243143,
          8.481751172964179,
          -0.0007858682040152826,
          0.0004755078513160037,
          9.842406072345605,
          1.3607426177080901,
          0.7865713640099056,
          11.026942820660922,
          0.0018675753578635348,
          -0.0011415361344841207,
          12.553442935378126,
          1.362355951508026,
          0.7859385363698879,
          13.484818291886855
        ]
      ]
    },
    "stress": {
      "__ndarray__": [
        [
          6
        ],
        "float64",
        [
          -0.0012861138617128592,
          -0.0014248599703272575,
          0.00015083058677810055,
          2.812785987239472e-06,
          -4.413687161886168e-06,
          -0.00010103570207581076
        ]
      ]
    },
    "unique_id": "638481186165a8248d3e73fff3b78054",
    "user": " "
  },
  "ids": [
    1
  ],
  "nextid": 2
}