{
  "1": {
    "calculator": "gpaw",
    "calculator_parameters": {
      "hund": true,
      "kpts": [
        10,
        10,
        1
      ],
      "mode": {
        "ecut": 900.0000000000001,
        "name": "pw"
      },
      "spinpol": true,
      "xc": "PBE"
    },
    "cell": {
      "__ase_objtype__": "cell",
      "array": {
        "__ndarray__": [
          [
            3,
            3
          ],
          "float64",
          [
            2.891759,
            -0.0,
            -0.0,
            -1.44588,
            2.504337,
            0.0,
            0.0,
            0.0,
            30.0
          ]
        ]
      }
    },
    "ctime": 25.71473679510837,
    "dipole": {
      "__ndarray__": [
        [
          3
        ],
        "float64",
        [
          2.148301039531548,
          -1.2403186484211477,
          -7.3917162913619965
        ]
      ]
    },
    "energy": -68.84528386261458,
    "forces": {
      "__ndarray__": [
        [
          7,
          3
        ],
        "float64",
        [
          -0.006449395430674669,
          0.003737783566676711,
          0.0327865483098456,
          0.009971418589100651,
          -0.0057552018029065,
          0.028609322959078,
          -0.011155660224731568,
          0.006421865332138574,
          -0.013178483687990206,
          0.0150668853510509,
          -0.008690676558976318,
          0.000859499246395822,
          -0.011145344397444624,
          0.0064159581298822484,
          0.012476753863458137,
          0.00999746425129292,
          -0.005770252345954462,
          -0.025547158367889664,
          -0.006353724405161167,
          0.0036825346046237993,
          -0.028068259105391586
        ]
      ]
    },
    "free_energy": -68.89625645940076,
    "magmom": -4.67527130672172e-08,
    "magmoms": {
      "__ndarray__": [
        [
          7
        ],
        "float64",
        [
          -6.219199056336836e-08,
          6.369917496140789e-08,
          -5.474373286266854e-09,
          6.18388674189224e-08,
          -2.4335422953958262e-08,
          3.4181476654442794e-08,
          -7.710174057516143e-09
        ]
      ]
    },
    "mtime": 25.71473679510837,
    "numbers": {
      "__ndarray__": [
        [
          7
        ],
        "int64",
        [
          7,
          42,
          7,
          42,
          7,
          42,
          7
        ]
      ]
    },
    "pbc": {
      "__ndarray__": [
        [
          3
        ],
        "bool",
        [
          true,
          true,
          true
        ]
      ]
    },
    "positions": {
      "__ndarray__": [
        [
          7,
          3
        ],
        "float64",
        [
          1.44588,
          0.834779,
          0.817653,
          -0.0,
          0.0,
          1.919831,
          1.44588,
          0.834779,
          3.443046,
          -0.0,
          0.0,
          4.799609,
          1.44588,
          0.834779,
          6.156188,
          0.0,
          0.0,
          7.679369,
          1.44588,
          0.834779,
          8.781565
        ]
      ]
    },
    "stress": {
      "__ndarray__": [
        [
          6
        ],
        "float64",
        [
          0.00016902131778532282,
          0.00015487825741804814,
          0.001112765209125049,
          -1.3108132268838962e-07,
          2.2725084823873598e-07,
          -1.2326426776616663e-05
        ]
      ]
    },
    "unique_id": "9965141e30eac08785e49c785f08d068",
    "user": " "
  },
  "ids": [
    1
  ],
  "nextid": 2
}