{
  "1": {
    "calculator": "gpaw",
    "calculator_parameters": {
      "hund": true,
      "kpts": [
        10,
        10,
        1
      ],
      "mode": {
        "ecut": 900.0000000000001,
        "name": "pw"
      },
      "spinpol": true,
      "xc": "PBE"
    },
    "cell": {
      "__ase_objtype__": "cell",
      "array": {
        "__ndarray__": [
          [
            3,
            3
          ],
          "float64",
          [
            2.892675,
            -0.0,
            0.0,
            -1.446338,
            2.50513,
            0.0,
            -0.0,
            0.0,
            30.0
          ]
        ]
      }
    },
    "ctime": 25.71474183418796,
    "dipole": {
      "__ndarray__": [
        [
          3
        ],
        "float64",
        [
          2.7082384475031898,
          -1.563600888838966,
          -15.825582761532305
        ]
      ]
    },
    "energy": -89.07654487335233,
    "forces": {
      "__ndarray__": [
        [
          9,
          3
        ],
        "float64",
        [
          0.003044979297633895,
          -0.0017453035967609574,
          0.032611049890287305,
          0.002066594516003562,
          -0.0011920509361502774,
          0.005704840860772862,
          -0.005721589725048019,
          0.0032899871644346767,
          -0.04210344446772314,
          -0.0018852327970440943,
          0.0010912523757429628,
          0.0007550796579427871,
          0.00565881223807675,
          -0.0032720205852870897,
          -0.0007666670782862002,
          -0.001900062801490957,
          0.001099794971731924,
          -0.0005428483543604565,
          -0.005657462987890158,
          0.0032529805303114275,
          0.04298777564262903,
          0.00205838280846174,
          -0.001187289654689356,
          -0.004000177926285584,
          0.0031302816439033924,
          -0.0017946030659746505,
          -0.029122454632536317
        ]
      ]
    },
    "free_energy": -89.15569492350096,
    "magmom": -1.1151865880932349e-07,
    "magmoms": {
      "__ndarray__": [
        [
          9
        ],
        "float64",
        [
          -3.143716656944174e-08,
          4.570162001406419e-09,
          2.2952484757355206e-09,
          -1.9557467484569428e-08,
          1.973627447328029e-09,
          -2.2382336544248767e-08,
          -4.4560557655139783e-10,
          6.879160066143701e-09,
          -1.9728786896899983e-08
        ]
      ]
    },
    "mtime": 25.71474183418796,
    "numbers": {
      "__ndarray__": [
        [
          9
        ],
        "int64",
        [
          7,
          42,
          7,
          42,
          7,
          42,
          7,
          42,
          7
        ]
      ]
    },
    "pbc": {
      "__ndarray__": [
        [
          3
        ],
        "bool",
        [
          true,
          true,
          true
        ]
      ]
    },
    "positions": {
      "__ndarray__": [
        [
          9,
          3
        ],
        "float64",
        [
          1.446338,
          0.835043,
          0.606417,
          -0.0,
          0.0,
          1.709162,
          1.446338,
          0.835043,
          3.239372,
          -0.0,
          0.0,
          4.589016,
          1.446338,
          0.835043,
          6.000298,
          0.0,
          0.0,
          7.411537,
          1.446338,
          0.835043,
          8.761082,
          -0.0,
          0.0,
          10.291321,
          1.446338,
          0.835043,
          11.394061
        ]
      ]
    },
    "stress": {
      "__ndarray__": [
        [
          6
        ],
        "float64",
        [
          0.0003465738943383587,
          0.0002730207232292933,
          0.001607267563284115,
          1.5841823327004772e-08,
          -2.721747451321744e-08,
          -6.37973343343809e-05
        ]
      ]
    },
    "unique_id": "7a4d5c16b60d2e6775dea337e53b4740",
    "user": " "
  },
  "ids": [
    1
  ],
  "nextid": 2
}