{
  "1": {
    "calculator": "gpaw",
    "calculator_parameters": {
      "hund": true,
      "kpts": [
        10,
        10,
        1
      ],
      "mode": {
        "ecut": 900.0000000000001,
        "name": "pw"
      },
      "spinpol": true,
      "xc": "PBE"
    },
    "cell": {
      "__ase_objtype__": "cell",
      "array": {
        "__ndarray__": [
          [
            3,
            3
          ],
          "float64",
          [
            2.887746,
            -0.0,
            -0.0,
            -1.443873,
            2.500861,
            -0.0,
            -0.0,
            -0.0,
            30.0
          ]
        ]
      }
    },
    "ctime": 25.714738737400793,
    "dipole": {
      "__ndarray__": [
        [
          3
        ],
        "float64",
        [
          3.2857030963918517,
          -1.8974031929638502,
          -33.119280016207675
        ]
      ]
    },
    "energy": -109.38379927062985,
    "forces": {
      "__ndarray__": [
        [
          11,
          3
        ],
        "float64",
        [
          0.0,
          -0.0015009746017649187,
          -0.017474145368025707,
          0.0,
          -0.0012990494636656795,
          -0.02235711652368971,
          0.0,
          0.006599165852499774,
          0.025750871599393477,
          0.0,
          -0.01223244915502178,
          -0.0064494791396078775,
          0.0,
          0.017192547008459895,
          0.003085959607391026,
          0.0,
          -0.017175138153527506,
          -0.0019974030538235828,
          0.0,
          0.016984143339279865,
          -0.003923646196472731,
          0.0,
          -0.012178213108866529,
          0.0067303499112507095,
          0.0,
          0.006461159895354326,
          -0.029861787833444633,
          0.0,
          -0.0011722171201496944,
          0.01940766290409389,
          0.0,
          -0.0013946025139495411,
          0.00933301017693479
        ]
      ]
    },
    "free_energy": -109.48776971044173,
    "magmom": -1.5177483515235577e-07,
    "magmoms": {
      "__ndarray__": [
        [
          11
        ],
        "float64",
        [
          -2.0572518244204903e-08,
          4.373637438747333e-09,
          3.696401848126792e-09,
          -2.4587877934326335e-08,
          4.027142418400875e-09,
          -5.230997462921296e-08,
          -1.657092698221845e-09,
          -1.392874472748583e-08,
          -3.0166023318970787e-10,
          1.9053358840399442e-08,
          -1.2464536185573261e-08
        ]
      ]
    },
    "mtime": 25.714738737400793,
    "numbers": {
      "__ndarray__": [
        [
          11
        ],
        "int64",
        [
          7,
          42,
          7,
          42,
          7,
          42,
          7,
          42,
          7,
          42,
          7
        ]
      ]
    },
    "pbc": {
      "__ndarray__": [
        [
          3
        ],
        "bool",
        [
          true,
          true,
          true
        ]
      ]
    },
    "positions": {
      "__ndarray__": [
        [
          11,
          3
        ],
        "float64",
        [
          1.443873,
          0.83362,
          0.385695,
          -0.0,
          -0.0,
          1.49125,
          1.443873,
          0.83362,
          3.00256,
          -0.0,
          -0.0,
          4.369406,
          1.443873,
          0.83362,
          5.770677,
          0.0,
          -0.0,
          7.199581,
          1.443873,
          0.83362,
          8.628489,
          0.0,
          -0.0,
          10.029612,
          1.443873,
          0.83362,
          11.396595,
          -0.0,
          -0.0,
          12.907639,
          1.443873,
          0.83362,
          14.013305
        ]
      ]
    },
    "stress": {
      "__ndarray__": [
        [
          6
        ],
        "float64",
        [
          0.000438792823720146,
          0.00020484807779006648,
          -0.00016615813632232102,
          7.644705458701246e-07,
          0.0,
          0.0
        ]
      ]
    },
    "unique_id": "44cb06a0af9bc633b3e15d59dff0a7af",
    "user": " "
  },
  "ids": [
    1
  ],
  "nextid": 2
}