{
  "1": {
    "calculator": "gpaw",
    "calculator_parameters": {
      "hund": true,
      "kpts": [
        10,
        10,
        1
      ],
      "mode": {
        "ecut": 900.0000000000001,
        "name": "pw"
      },
      "spinpol": true,
      "xc": "PBE"
    },
    "cell": {
      "__ase_objtype__": "cell",
      "array": {
        "__ndarray__": [
          [
            3,
            3
          ],
          "float64",
          [
            3.015018,
            0.0,
            -0.0,
            -1.507509,
            2.611082,
            0.0,
            -0.0,
            0.0,
            30.0
          ]
        ]
      }
    },
    "ctime": 25.714736940761263,
    "dipole": {
      "__ndarray__": [
        [
          3
        ],
        "float64",
        [
          1.5397321645955033,
          -0.8887170186291571,
          -7.302654419917162
        ]
      ]
    },
    "energy": -69.98992041555876,
    "forces": {
      "__ndarray__": [
        [
          7,
          3
        ],
        "float64",
        [
          0.0,
          -0.013876093607138885,
          0.01207254727323458,
          0.0,
          0.011856180326624544,
          0.03605981310010535,
          0.0,
          0.002287275770262667,
          -0.00904037139697079,
          0.0,
          -0.0028657693410217267,
          -0.0014336801139822103,
          0.0,
          0.002327014237699337,
          0.005449602084068861,
          0.0,
          0.011685827960512913,
          -0.04022577580273718,
          0.0,
          -0.01362554618158893,
          -0.013527320611616368
        ]
      ]
    },
    "free_energy": -70.0381616320873,
    "magmom": 1.1653998596007543e-07,
    "magmoms": {
      "__ndarray__": [
        [
          7
        ],
        "float64",
        [
          3.776148961311303e-10,
          3.584648892159878e-08,
          -2.9847162774656187e-09,
          9.873634145869013e-09,
          -4.97702723527132e-09,
          3.951971683674218e-08,
          -1.1419921593947017e-09
        ]
      ]
    },
    "mtime": 25.714736940761263,
    "numbers": {
      "__ndarray__": [
        [
          7
        ],
        "int64",
        [
          7,
          41,
          7,
          41,
          7,
          41,
          7
        ]
      ]
    },
    "pbc": {
      "__ndarray__": [
        [
          3
        ],
        "bool",
        [
          true,
          true,
          true
        ]
      ]
    },
    "positions": {
      "__ndarray__": [
        [
          7,
          3
        ],
        "float64",
        [
          1.507509,
          0.870361,
          0.848538,
          0.0,
          0.0,
          1.860285,
          1.507509,
          0.870361,
          3.428613,
          -0.0,
          0.0,
          4.799384,
          1.507509,
          0.870361,
          6.170223,
          -0.0,
          0.0,
          7.738418,
          1.507509,
          0.870361,
          8.750139
        ]
      ]
    },
    "stress": {
      "__ndarray__": [
        [
          6
        ],
        "float64",
        [
          0.00018407789480688022,
          0.00028577106911732784,
          0.0011559747991193323,
          -8.949899847893411e-07,
          0.0,
          -1.9442745070011416e-20
        ]
      ]
    },
    "unique_id": "fbf0492e4eac4d7db71dbceb4e659c62",
    "user": " "
  },
  "ids": [
    1
  ],
  "nextid": 2
}