{
  "1": {
    "calculator": "gpaw",
    "calculator_parameters": {
      "hund": true,
      "kpts": [
        10,
        10,
        1
      ],
      "mode": {
        "ecut": 900.0000000000001,
        "name": "pw"
      },
      "spinpol": true,
      "xc": "PBE"
    },
    "cell": {
      "__ase_objtype__": "cell",
      "array": {
        "__ndarray__": [
          [
            3,
            3
          ],
          "float64",
          [
            2.999716,
            -0.0,
            0.0,
            -1.499858,
            2.59783,
            -0.0,
            0.0,
            -0.0,
            30.0
          ]
        ]
      }
    },
    "ctime": 25.71473859658088,
    "dipole": {
      "__ndarray__": [
        [
          3
        ],
        "float64",
        [
          2.051462347616134,
          -1.1842854589055234,
          -16.988415525482786
        ]
      ]
    },
    "energy": -91.1280895688543,
    "forces": {
      "__ndarray__": [
        [
          9,
          3
        ],
        "float64",
        [
          0.0,
          -0.007444438135358462,
          0.03250091016106487,
          0.0,
          0.0066142876548088625,
          0.005807105378619301,
          0.0,
          0.0051083533145435235,
          0.004605959014314578,
          0.0,
          -0.0018933521038215575,
          -0.012366181896008336,
          0.0,
          0.002741822759012538,
          0.00019402929670940983,
          0.0,
          -0.001908409899702946,
          0.015131132641848184,
          0.0,
          0.00499080664328731,
          -0.002047206609166362,
          0.0,
          0.006728853006440436,
          -0.0072915902951384785,
          0.0,
          -0.00742853313844489,
          -0.030730208005939667
        ]
      ]
    },
    "free_energy": -91.1819261550963,
    "magmom": 1.5561460435634276e-07,
    "magmoms": {
      "__ndarray__": [
        [
          9
        ],
        "float64",
        [
          -1.3374048124409912e-09,
          6.061491238817789e-08,
          -5.045984671952861e-09,
          -1.6288553714370687e-09,
          4.175773950867027e-09,
          8.259223792261236e-09,
          -1.3468947270520634e-09,
          5.6519783597268136e-08,
          -3.000671409773914e-09
        ]
      ]
    },
    "mtime": 25.71473859658088,
    "numbers": {
      "__ndarray__": [
        [
          9
        ],
        "int64",
        [
          7,
          41,
          7,
          41,
          7,
          41,
          7,
          41,
          7
        ]
      ]
    },
    "pbc": {
      "__ndarray__": [
        [
          3
        ],
        "bool",
        [
          true,
          true,
          true
        ]
      ]
    },
    "positions": {
      "__ndarray__": [
        [
          9,
          3
        ],
        "float64",
        [
          1.499858,
          0.865943,
          0.603918,
          -0.0,
          -0.0,
          1.624823,
          1.499858,
          0.865943,
          3.197334,
          0.0,
          -0.0,
          4.567012,
          1.499858,
          0.865943,
          6.0,
          -0.0,
          -0.0,
          7.432965,
          1.499858,
          0.865943,
          8.802509,
          -0.0,
          -0.0,
          10.375429,
          1.499858,
          0.865943,
          11.396241
        ]
      ]
    },
    "stress": {
      "__ndarray__": [
        [
          6
        ],
        "float64",
        [
          0.00016133932246353602,
          0.000310102947299793,
          0.0018024449070877114,
          1.0009940528970694e-06,
          0.0,
          0.0
        ]
      ]
    },
    "unique_id": "8abc5a9d040fd73f3b889b62ccafaad9",
    "user": " "
  },
  "ids": [
    1
  ],
  "nextid": 2
}