{
  "1": {
    "calculator": "gpaw",
    "calculator_parameters": {
      "hund": true,
      "kpts": [
        10,
        10,
        1
      ],
      "mode": {
        "ecut": 900.0000000000001,
        "name": "pw"
      },
      "spinpol": true,
      "xc": "PBE"
    },
    "cell": {
      "__ase_objtype__": "cell",
      "array": {
        "__ndarray__": [
          [
            3,
            3
          ],
          "float64",
          [
            2.990753,
            0.0,
            -0.0,
            -1.495377,
            2.590068,
            -0.0,
            0.0,
            -0.0,
            30.0
          ]
        ]
      }
    },
    "ctime": 25.71473950013376,
    "dipole": {
      "__ndarray__": [
        [
          3
        ],
        "float64",
        [
          2.5539561092234946,
          -1.4744671074399671,
          -36.840595307391105
        ]
      ]
    },
    "energy": -112.25000899968451,
    "forces": {
      "__ndarray__": [
        [
          11,
          3
        ],
        "float64",
        [
          0.012914902120403015,
          -0.0047348219398793846,
          0.003532217033146867,
          -0.010285856656469543,
          0.0054157093484970276,
          -0.002295308475635675,
          -0.002578409024104714,
          0.004594917230547444,
          -0.014446824409836417,
          -2.566746166134451e-05,
          -2.535564209894534e-05,
          -0.014264862713350273,
          -0.0003732437161066624,
          0.0033390228733243626,
          0.0019208015557678733,
          0.0006923075683135762,
          -0.0003996878831699041,
          -0.0016828901083141814,
          -0.0003680985264663785,
          0.0033430417691200204,
          -0.0022619139178455864,
          -5.4762381603453435e-06,
          -3.286477572691566e-05,
          0.01630907261934293,
          -0.002765739330499934,
          0.004706199665239034,
          0.02093360367938112,
          -0.010242961092688515,
          0.005397262854681952,
          -0.006974285605431122,
          0.013126002215758568,
          -0.004842592280697517,
          -0.004905124491358408
        ]
      ]
    },
    "free_energy": -112.31114682380347,
    "magmom": -2.4144000346519376e-07,
    "magmoms": {
      "__ndarray__": [
        [
          11
        ],
        "float64",
        [
          5.7307696031907e-09,
          -9.782917112274757e-08,
          7.786650842980417e-09,
          -5.2771152940666966e-09,
          3.3914525633603366e-09,
          -3.386119867291706e-09,
          -1.0163967257180597e-09,
          5.918566854660768e-10,
          -1.980372388055623e-09,
          -5.5250072162423754e-08,
          -4.966790004707194e-09
        ]
      ]
    },
    "mtime": 25.71473950013376,
    "numbers": {
      "__ndarray__": [
        [
          11
        ],
        "int64",
        [
          7,
          41,
          7,
          41,
          7,
          41,
          7,
          41,
          7,
          41,
          7
        ]
      ]
    },
    "pbc": {
      "__ndarray__": [
        [
          3
        ],
        "bool",
        [
          true,
          true,
          true
        ]
      ]
    },
    "positions": {
      "__ndarray__": [
        [
          11,
          3
        ],
        "float64",
        [
          1.495377,
          0.863356,
          0.36381,
          0.0,
          -0.0,
          1.389147,
          1.495377,
          0.863356,
          2.965021,
          0.0,
          -0.0,
          4.33256,
          1.495377,
          0.863356,
          5.774849,
          -0.0,
          -0.0,
          7.200416,
          1.495377,
          0.863356,
          8.625867,
          0.0,
          -0.0,
          10.068306,
          1.495377,
          0.863356,
          11.435841,
          -0.0,
          -0.0,
          13.012081,
          1.495377,
          0.863356,
          14.037273
        ]
      ]
    },
    "stress": {
      "__ndarray__": [
        [
          6
        ],
        "float64",
        [
          -0.00022574971914592534,
          0.00012572550798300614,
          0.001961058901316729,
          -6.506061357239038e-07,
          1.056233250070817e-06,
          0.0002990668996334133
        ]
      ]
    },
    "unique_id": "fc22b7e2a2c4dd997be81132b1dc09c0",
    "user": " "
  },
  "ids": [
    1
  ],
  "nextid": 2
}