{
  "1": {
    "calculator": "gpaw",
    "calculator_parameters": {
      "hund": true,
      "kpts": [
        10,
        10,
        1
      ],
      "mode": {
        "ecut": 900.0000000000001,
        "name": "pw"
      },
      "spinpol": true,
      "xc": "PBE"
    },
    "cell": {
      "__ase_objtype__": "cell",
      "array": {
        "__ndarray__": [
          [
            3,
            3
          ],
          "float64",
          [
            3.4364529257071346,
            -3.591895475888423e-22,
            -3.0306877737873e-26,
            -1.7182264628535675,
            2.9760558893478843,
            -7.035616832467954e-10,
            2.645785334422647e-25,
            -7.092241286902582e-09,
            30.000000000000007
          ]
        ]
      }
    },
    "ctime": 25.714739430657602,
    "dipole": {
      "__ndarray__": [
        [
          3
        ],
        "float64",
        [
          0.26351966591767767,
          -0.1519253414688759,
          -0.8224921200220753
        ]
      ]
    },
    "energy": -53.11981480309979,
    "forces": {
      "__ndarray__": [
        [
          7,
          3
        ],
        "float64",
        [
          0.0,
          -0.00013162726424678588,
          0.0071780637438324845,
          -2.1778092520779093e-20,
          0.00020549597898956664,
          0.04112839996384665,
          0.0,
          -0.00021696429724528453,
          -0.03024472725503396,
          0.0,
          -0.00013677819164821815,
          0.0014578751699021492,
          0.0,
          -0.00022249009692391615,
          0.020989841911292207,
          -2.1778092520779093e-20,
          0.0002044564658769827,
          -0.03787596892770395,
          0.0,
          -0.0001260328390298189,
          -0.002905305569421811
        ]
      ]
    },
    "free_energy": -53.14956653148568,
    "magmom": -2.3568313319928632e-05,
    "magmoms": {
      "__ndarray__": [
        [
          7
        ],
        "float64",
        [
          -3.2909753024075783e-07,
          -1.8083587146337315e-06,
          2.1335475837417733e-06,
          -1.205808563582728e-05,
          2.179931150568617e-06,
          -1.6868494084455116e-06,
          -3.4826545833228184e-07
        ]
      ]
    },
    "mtime": 25.714739430657602,
    "numbers": {
      "__ndarray__": [
        [
          7
        ],
        "int64",
        [
          7,
          21,
          7,
          21,
          7,
          21,
          7
        ]
      ]
    },
    "pbc": {
      "__ndarray__": [
        [
          3
        ],
        "bool",
        [
          true,
          true,
          true
        ]
      ]
    },
    "positions": {
      "__ndarray__": [
        [
          7,
          3
        ],
        "float64",
        [
          1.7182264628535677,
          0.9920249689471281,
          1.7492653319476301,
          2.8364626838030083e-22,
          -3.80193331160874e-06,
          2.0975319236071264,
          1.7182264628535677,
          0.9920246282603821,
          3.4005494441285173,
          2.492765940714265e-22,
          -3.341599077444595e-06,
          4.799754730339273,
          1.7182264628535677,
          0.9920247252912748,
          6.201362421078893,
          2.82088694094473e-22,
          -3.7816961201400176e-06,
          7.502057145046566,
          1.7182264628535677,
          0.9920250698610257,
          7.850226127204134
        ]
      ]
    },
    "stress": {
      "__ndarray__": [
        [
          6
        ],
        "float64",
        [
          -0.00022289396171315334,
          -0.00023419406528620758,
          0.0008043383977718009,
          2.129676463883125e-08,
          0.0,
          -2.6733774471265697e-20
        ]
      ]
    },
    "unique_id": "d7f43bd5032010b1626a2ffe2d437577",
    "user": " "
  },
  "ids": [
    1
  ],
  "nextid": 2
}