{
  "1": {
    "calculator": "gpaw",
    "calculator_parameters": {
      "hund": true,
      "kpts": [
        10,
        10,
        1
      ],
      "mode": {
        "ecut": 900.0000000000001,
        "name": "pw"
      },
      "spinpol": true,
      "xc": "PBE"
    },
    "cell": {
      "__ase_objtype__": "cell",
      "array": {
        "__ndarray__": [
          [
            3,
            3
          ],
          "float64",
          [
            3.380777,
            -0.0,
            0.0,
            -1.690388,
            2.927838,
            0.0,
            -0.0,
            0.0,
            30.0
          ]
        ]
      }
    },
    "ctime": 25.71473762510968,
    "dipole": {
      "__ndarray__": [
        [
          3
        ],
        "float64",
        [
          0.35564566437582695,
          -0.2053197509279727,
          -1.1724619982454845
        ]
      ]
    },
    "energy": -68.79760359717,
    "forces": {
      "__ndarray__": [
        [
          9,
          3
        ],
        "float64",
        [
          0.00020438945070740504,
          -0.0020860419126035533,
          0.01635635271774541,
          0.00010076625979085,
          -0.00010195486048513213,
          -0.004064674899457706,
          -0.00010572511650530202,
          -0.0023584352106451535,
          -0.011034003967167865,
          -3.059372946687426e-05,
          6.043784239514714e-05,
          0.0025865606066976556,
          -0.00030175321028186406,
          -0.002065951704445019,
          -0.004851483553446666,
          -3.001515483768037e-05,
          6.069561131543064e-05,
          0.0027374581508435797,
          -0.0001420030669879865,
          -0.00241263988026421,
          -0.0031456883820616963,
          0.00010272595853633352,
          -0.00012556350278291833,
          0.00633421340971596,
          0.0002043547092399383,
          -0.0019414127671103728,
          -0.007186047648726681
        ]
      ]
    },
    "free_energy": -68.83188314796524,
    "magmom": -3.7683591116980917e-05,
    "magmoms": {
      "__ndarray__": [
        [
          9
        ],
        "float64",
        [
          -1.711965987779721e-07,
          -1.3213976940248162e-06,
          1.7123100988977053e-06,
          -1.3579563207288671e-05,
          4.2083325768670505e-06,
          -1.3446995825271608e-05,
          1.3074373314138605e-06,
          -1.303496666995594e-06,
          1.579814345547316e-07
        ]
      ]
    },
    "mtime": 25.71473762510968,
    "numbers": {
      "__ndarray__": [
        [
          9
        ],
        "int64",
        [
          7,
          21,
          7,
          21,
          7,
          21,
          7,
          21,
          7
        ]
      ]
    },
    "pbc": {
      "__ndarray__": [
        [
          3
        ],
        "bool",
        [
          true,
          true,
          true
        ]
      ]
    },
    "positions": {
      "__ndarray__": [
        [
          9,
          3
        ],
        "float64",
        [
          1.690388,
          0.975946,
          1.542132,
          -0.0,
          0.0,
          1.936117,
          1.690388,
          0.975946,
          3.172851,
          0.0,
          0.0,
          4.66218,
          1.690388,
          0.975946,
          6.00158,
          -0.0,
          0.0,
          7.336217,
          1.690388,
          0.975946,
          8.829209,
          0.0,
          0.0,
          10.062965,
          1.690388,
          0.975946,
          10.456728
        ]
      ]
    },
    "stress": {
      "__ndarray__": [
        [
          6
        ],
        "float64",
        [
          6.954775428078368e-05,
          4.881700210163095e-05,
          0.00032480493247114694,
          1.711590723526202e-08,
          -3.690819668812974e-08,
          -9.729400567186698e-06
        ]
      ]
    },
    "unique_id": "a58cbdf49a1632b98919c1f3d08eb73f",
    "user": " "
  },
  "ids": [
    1
  ],
  "nextid": 2
}