{
  "1": {
    "calculator": "gpaw",
    "calculator_parameters": {
      "hund": true,
      "kpts": [
        10,
        10,
        1
      ],
      "mode": {
        "ecut": 900.0000000000001,
        "name": "pw"
      },
      "spinpol": true,
      "xc": "PBE"
    },
    "cell": {
      "__ase_objtype__": "cell",
      "array": {
        "__ndarray__": [
          [
            3,
            3
          ],
          "float64",
          [
            3.338588,
            -0.0,
            -0.0,
            -1.669294,
            2.891302,
            -0.0,
            -0.0,
            -0.0,
            30.0
          ]
        ]
      }
    },
    "ctime": 25.71473854346414,
    "dipole": {
      "__ndarray__": [
        [
          3
        ],
        "float64",
        [
          0.4688774825464919,
          -0.2706660401246479,
          -2.110616945713671
        ]
      ]
    },
    "energy": -84.47203413714976,
    "forces": {
      "__ndarray__": [
        [
          11,
          3
        ],
        "float64",
        [
          0.0,
          -2.4860766935787822e-05,
          -0.01347038914333512,
          0.0,
          -0.00020800783265976562,
          0.03240693009408619,
          0.0,
          -0.00045368867987680123,
          -0.0020022841555417522,
          0.0,
          -0.00010574014462424598,
          -0.007299244385129049,
          0.0,
          -0.00027276598927311043,
          -0.016824669913019452,
          0.0,
          5.0213163440606435e-05,
          -0.00025382227129803483,
          0.0,
          -0.0002680640403307764,
          0.016024991818340037,
          0.0,
          -9.932283689125506e-05,
          0.007658582163174011,
          0.0,
          -0.0004551609639423137,
          0.0019114122683084663,
          0.0,
          -0.00020657821263823136,
          -0.032245799659827726,
          0.0,
          -3.382394896563282e-05,
          0.013412840128446936
        ]
      ]
    },
    "free_energy": -84.5088270114063,
    "magmom": 5.5904188150341355e-06,
    "magmoms": {
      "__ndarray__": [
        [
          11
        ],
        "float64",
        [
          1.1524454740470823e-06,
          -1.4316392639549665e-06,
          6.241309259970334e-07,
          1.8400313993452117e-07,
          1.3701068810311718e-06,
          1.3601310093198776e-06,
          1.206975093564375e-06,
          7.212193902905269e-07,
          4.25433401681859e-07,
          -1.248128392442066e-06,
          1.0846982719770874e-06
        ]
      ]
    },
    "mtime": 25.71473854346414,
    "numbers": {
      "__ndarray__": [
        [
          11
        ],
        "int64",
        [
          7,
          21,
          7,
          21,
          7,
          21,
          7,
          21,
          7,
          21,
          7
        ]
      ]
    },
    "pbc": {
      "__ndarray__": [
        [
          3
        ],
        "bool",
        [
          true,
          true,
          true
        ]
      ]
    },
    "positions": {
      "__ndarray__": [
        [
          11,
          3
        ],
        "float64",
        [
          1.669294,
          0.963767,
          1.316115,
          -0.0,
          -0.0,
          1.738114,
          1.669294,
          0.963767,
          2.945747,
          -0.0,
          -0.0,
          4.490898,
          1.669294,
          0.963767,
          5.738042,
          -0.0,
          -0.0,
          7.200034,
          1.669294,
          0.963767,
          8.662042,
          -0.0,
          -0.0,
          9.909163,
          1.669294,
          0.963767,
          11.454361,
          -0.0,
          -0.0,
          12.661977,
          1.669294,
          0.963767,
          13.084024
        ]
      ]
    },
    "stress": {
      "__ndarray__": [
        [
          6
        ],
        "float64",
        [
          -0.000151486030359192,
          -0.00016564797329120075,
          0.0007098320628526726,
          -2.191922733244589e-08,
          0.0,
          0.0
        ]
      ]
    },
    "unique_id": "cb80b8601a232c8b96de516675507c51",
    "user": " "
  },
  "ids": [
    1
  ],
  "nextid": 2
}