{
  "1": {
    "calculator": "gpaw",
    "calculator_parameters": {
      "hund": true,
      "kpts": [
        10,
        10,
        1
      ],
      "mode": {
        "ecut": 900.0000000000001,
        "name": "pw"
      },
      "spinpol": true,
      "xc": "PBE"
    },
    "cell": {
      "__ase_objtype__": "cell",
      "array": {
        "__ndarray__": [
          [
            3,
            3
          ],
          "float64",
          [
            3.0174629715451413,
            -1.808369868328257e-22,
            2.4094737292362973e-21,
            -1.5087314857725707,
            2.613197941577925,
            -1.052523444523633e-08,
            -1.8905378947871517e-18,
            -1.2078189294186735e-07,
            30.000000000000014
          ]
        ]
      }
    },
    "ctime": 25.714745848055504,
    "dipole": {
      "__ndarray__": [
        [
          3
        ],
        "float64",
        [
          1.5399668194420344,
          -0.9015777821363355,
          -8.34792567472281
        ]
      ]
    },
    "energy": -68.55748808250048,
    "forces": {
      "__ndarray__": [
        [
          7,
          3
        ],
        "float64",
        [
          0.0,
          0.010087631368334482,
          -0.011137712625417942,
          0.0,
          0.007733546096430786,
          0.03556121724751477,
          0.0,
          0.020586813208843077,
          0.0029771167188000704,
          0.0,
          0.008607537610189635,
          0.002184743690431782,
          0.0,
          0.02031718858938842,
          -0.00028418985876477545,
          0.0,
          0.00811447169950178,
          -0.02524468029080784,
          0.0,
          0.010175458474378913,
          0.015435613173679275
        ]
      ]
    },
    "free_energy": -68.60932022554731,
    "magmom": -5.597367691148547e-07,
    "magmoms": {
      "__ndarray__": [
        [
          7
        ],
        "float64",
        [
          -3.51102047625513e-08,
          -3.8581188040535236e-07,
          -4.69214468139645e-09,
          2.0595959218941005e-08,
          -9.93339479818596e-09,
          1.1023871369635095e-07,
          -1.5610453656483833e-09
        ]
      ]
    },
    "mtime": 25.714745848055504,
    "numbers": {
      "__ndarray__": [
        [
          7
        ],
        "int64",
        [
          7,
          73,
          7,
          73,
          7,
          73,
          7
        ]
      ]
    },
    "pbc": {
      "__ndarray__": [
        [
          3
        ],
        "bool",
        [
          true,
          true,
          true
        ]
      ]
    },
    "positions": {
      "__ndarray__": [
        [
          7,
          3
        ],
        "float64",
        [
          1.5087314857725702,
          0.8709140358999421,
          0.8133590736309444,
          -1.752999634406158e-17,
          0.0004749074985239924,
          1.8320568276673401,
          1.5087314857725702,
          0.8717460105957356,
          3.4165845938482255,
          4.534414159260438e-19,
          -2.2099256033825363e-05,
          4.799730653351015,
          1.5087314857725702,
          0.8717445273611997,
          6.182906763422416,
          2.904514849011618e-18,
          0.00047255942777162753,
          7.767367315122162,
          1.5087314857725702,
          0.8709171496517661,
          8.786131380066614
        ]
      ]
    },
    "stress": {
      "__ndarray__": [
        [
          6
        ],
        "float64",
        [
          -0.0002819366601648296,
          -5.38259824297031e-05,
          0.0012728918902310809,
          1.2827736101839834e-06,
          0.0,
          -9.721372535005708e-21
        ]
      ]
    },
    "unique_id": "95ed4eed22ef27729994125d1718b0bd",
    "user": " "
  },
  "ids": [
    1
  ],
  "nextid": 2
}