{
  "1": {
    "calculator": "gpaw",
    "calculator_parameters": {
      "hund": true,
      "kpts": [
        10,
        10,
        1
      ],
      "mode": {
        "ecut": 900.0000000000001,
        "name": "pw"
      },
      "spinpol": true,
      "xc": "PBE"
    },
    "cell": {
      "__ase_objtype__": "cell",
      "array": {
        "__ndarray__": [
          [
            3,
            3
          ],
          "float64",
          [
            3.001911,
            -0.0,
            0.0,
            -1.500955,
            2.599731,
            -0.0,
            0.0,
            -0.0,
            30.0
          ]
        ]
      }
    },
    "ctime": 25.714738208313985,
    "dipole": {
      "__ndarray__": [
        [
          3
        ],
        "float64",
        [
          2.0761083381701586,
          -1.198584125643218,
          -19.792873278896877
        ]
      ]
    },
    "energy": -89.14225693211682,
    "forces": {
      "__ndarray__": [
        [
          9,
          3
        ],
        "float64",
        [
          0.008240641646261138,
          -0.005661657348892104,
          0.00043228737792213115,
          -0.005521217313689575,
          0.0024174701657502917,
          0.00481034958797073,
          -0.0026744574224789623,
          0.001024058217987173,
          0.003960072946731049,
          0.00019047039914565323,
          -0.00042633415678321537,
          -0.024202703161098713,
          -0.0008713220840932727,
          -0.0004229538091653192,
          -0.0012658186507939393,
          0.0002219624817009321,
          -0.0004460075804862677,
          0.02568575717909403,
          -0.0023868279116988165,
          0.0008966809694891348,
          -0.002000212734682162,
          -0.006142455980871357,
          0.0027211028985233633,
          0.0016208688847943447,
          0.008592732282897163,
          -0.005880158873855611,
          0.0032897197847563723
        ]
      ]
    },
    "free_energy": -89.19539096651633,
    "magmom": -2.927740178644434e-07,
    "magmoms": {
      "__ndarray__": [
        [
          9
        ],
        "float64",
        [
          -3.799741712357003e-08,
          -6.505556157215465e-08,
          -2.841817418766457e-09,
          3.4378306086775834e-09,
          -1.3790558727783547e-09,
          -7.468140339864128e-09,
          -9.21960908507277e-10,
          -2.5187908306805456e-08,
          -2.5097304112313125e-08
        ]
      ]
    },
    "mtime": 25.714738208313985,
    "numbers": {
      "__ndarray__": [
        [
          9
        ],
        "int64",
        [
          7,
          73,
          7,
          73,
          7,
          73,
          7,
          73,
          7
        ]
      ]
    },
    "pbc": {
      "__ndarray__": [
        [
          3
        ],
        "bool",
        [
          true,
          true,
          true
        ]
      ]
    },
    "positions": {
      "__ndarray__": [
        [
          9,
          3
        ],
        "float64",
        [
          1.500955,
          0.866577,
          0.56205,
          0.0,
          -0.0,
          1.58836,
          1.500955,
          0.866577,
          3.175823,
          0.0,
          -0.0,
          4.558348,
          1.500955,
          0.866577,
          5.999806,
          0.0,
          -0.0,
          7.441219,
          1.500955,
          0.866577,
          8.823725,
          -0.0,
          -0.0,
          10.411157,
          1.500955,
          0.866577,
          11.437451
        ]
      ]
    },
    "stress": {
      "__ndarray__": [
        [
          6
        ],
        "float64",
        [
          0.000190883902589823,
          0.00026681703916358733,
          0.0006916439497535446,
          1.460230416804346e-06,
          -2.305524165414206e-06,
          0.00012806541809588085
        ]
      ]
    },
    "unique_id": "def78014795bcd403190212ae215cf9b",
    "user": " "
  },
  "ids": [
    1
  ],
  "nextid": 2
}