{
  "1": {
    "calculator": "gpaw",
    "calculator_parameters": {
      "hund": true,
      "kpts": [
        10,
        10,
        1
      ],
      "mode": {
        "ecut": 900.0000000000001,
        "name": "pw"
      },
      "spinpol": true,
      "xc": "PBE"
    },
    "cell": {
      "__ase_objtype__": "cell",
      "array": {
        "__ndarray__": [
          [
            3,
            3
          ],
          "float64",
          [
            2.991927,
            0.0,
            0.0,
            -1.495963,
            2.591085,
            -0.0,
            0.0,
            -0.0,
            30.0
          ]
        ]
      }
    },
    "ctime": 25.714739531070794,
    "dipole": {
      "__ndarray__": [
        [
          3
        ],
        "float64",
        [
          2.611808391800418,
          -1.5077455436369525,
          -42.84585050749065
        ]
      ]
    },
    "energy": -109.70554181679263,
    "forces": {
      "__ndarray__": [
        [
          11,
          3
        ],
        "float64",
        [
          0.0048567616618392226,
          -0.0010805217938607416,
          -0.003957791295287587,
          -0.0022311107409834882,
          0.0023521554215915745,
          -0.005504698349498146,
          -0.0069877591630563745,
          0.005739006903992304,
          0.001722666257207441,
          0.004717223824782595,
          -0.0014045088069868982,
          0.00444210233577648,
          -0.0028692672770432486,
          0.0030241940449080504,
          0.044846314486963655,
          0.0040454182897016805,
          -0.001001671987411428,
          0.001047929389203982,
          -0.0028524543266671256,
          0.003044870936924665,
          -0.04224096759742787,
          0.004717647231114195,
          -0.0013987458125887435,
          -0.005227822750256511,
          -0.006983212593070283,
          0.005766536445453769,
          -0.0038865693028455853,
          -0.0022611962273148063,
          0.0023637219916877853,
          0.00478632328684234,
          0.0051080880541650294,
          -0.001061708542627605,
          0.005010121739856953
        ]
      ]
    },
    "free_energy": -109.76250302278623,
    "magmom": 6.069535077008694e-09,
    "magmoms": {
      "__ndarray__": [
        [
          11
        ],
        "float64",
        [
          -1.126256325994101e-09,
          2.814094028464014e-08,
          1.8016147170315148e-09,
          -2.7949270565857154e-09,
          -5.001485265633294e-11,
          -2.7060865209918246e-09,
          2.796379103065837e-10,
          -4.6088405155732365e-10,
          1.3474231627742766e-09,
          -1.879843095382993e-08,
          -3.7207722669330973e-09
        ]
      ]
    },
    "mtime": 25.714739531070794,
    "numbers": {
      "__ndarray__": [
        [
          11
        ],
        "int64",
        [
          7,
          73,
          7,
          73,
          7,
          73,
          7,
          73,
          7,
          73,
          7
        ]
      ]
    },
    "pbc": {
      "__ndarray__": [
        [
          3
        ],
        "bool",
        [
          true,
          true,
          true
        ]
      ]
    },
    "positions": {
      "__ndarray__": [
        [
          11,
          3
        ],
        "float64",
        [
          1.495963,
          0.863695,
          0.310402,
          -0.0,
          -0.0,
          1.341885,
          1.495963,
          0.863695,
          2.928952,
          -0.0,
          -0.0,
          4.310537,
          1.495963,
          0.863695,
          5.760251,
          0.0,
          -0.0,
          7.200209,
          1.495963,
          0.863695,
          8.640087,
          0.0,
          -0.0,
          10.090062,
          1.495963,
          0.863695,
          11.471829,
          0.0,
          -0.0,
          13.058849,
          1.495963,
          0.863695,
          14.090314
        ]
      ]
    },
    "stress": {
      "__ndarray__": [
        [
          6
        ],
        "float64",
        [
          -8.61884565774168e-05,
          3.197269907948713e-05,
          0.000765073308937743,
          1.743068637627334e-07,
          5.5183462760588325e-08,
          -1.1928900910268143e-05
        ]
      ]
    },
    "unique_id": "fcc55f275e693e9ba92a1eac903da90a",
    "user": " "
  },
  "ids": [
    1
  ],
  "nextid": 2
}