{
  "1": {
    "calculator": "gpaw",
    "calculator_parameters": {
      "hund": true,
      "kpts": [
        10,
        10,
        1
      ],
      "mode": {
        "ecut": 900.0000000000001,
        "name": "pw"
      },
      "spinpol": true,
      "xc": "PBE"
    },
    "cell": {
      "__ase_objtype__": "cell",
      "array": {
        "__ndarray__": [
          [
            3,
            3
          ],
          "float64",
          [
            2.974597,
            -0.0,
            0.0,
            -1.487298,
            2.576076,
            0.0,
            0.0,
            0.0,
            30.0
          ]
        ]
      }
    },
    "ctime": 25.714736718016482,
    "dipole": {
      "__ndarray__": [
        [
          3
        ],
        "float64",
        [
          1.4286440848375674,
          -0.824700549514131,
          -3.6802963039083085
        ]
      ]
    },
    "energy": -60.205401790497206,
    "forces": {
      "__ndarray__": [
        [
          7,
          3
        ],
        "float64",
        [
          -0.0010380169840164186,
          -0.0029233389979695704,
          -0.028648219583079764,
          0.0009239346447366001,
          0.0005846290462583255,
          0.0008681981956982256,
          0.0002597673291473101,
          -0.003908352390058198,
          -0.0012646976376608167,
          -0.00028422393932526997,
          0.0008554566906548645,
          -0.0007275866732407564,
          0.0002592701603147371,
          -0.003916889613877777,
          -0.0006708056224423231,
          0.0009249362356752285,
          0.0005831784579591388,
          0.000523809188321656,
          -0.0010370246174166598,
          -0.0029248614407644292,
          0.0325968525036227
        ]
      ]
    },
    "free_energy": -60.23278810875747,
    "magmom": 3.609159819319959e-08,
    "magmoms": {
      "__ndarray__": [
        [
          7
        ],
        "float64",
        [
          -3.145651127319661e-08,
          3.993626004684614e-08,
          -5.680690570060688e-08,
          1.761993359102526e-07,
          -5.0553672950125816e-08,
          6.067235719074449e-08,
          -3.968417085708509e-08
        ]
      ]
    },
    "mtime": 25.714736718016482,
    "numbers": {
      "__ndarray__": [
        [
          7
        ],
        "int64",
        [
          7,
          22,
          7,
          22,
          7,
          22,
          7
        ]
      ]
    },
    "pbc": {
      "__ndarray__": [
        [
          3
        ],
        "bool",
        [
          true,
          true,
          true
        ]
      ]
    },
    "positions": {
      "__ndarray__": [
        [
          7,
          3
        ],
        "float64",
        [
          1.487298,
          0.858692,
          1.053831,
          0.0,
          0.0,
          1.904191,
          1.487298,
          0.858692,
          3.551352,
          0.0,
          0.0,
          4.799311,
          1.487298,
          0.858692,
          6.04734,
          0.0,
          0.0,
          7.693983,
          1.487298,
          0.858692,
          8.544256
        ]
      ]
    },
    "stress": {
      "__ndarray__": [
        [
          6
        ],
        "float64",
        [
          -0.0005847315204061543,
          -0.0004968942968638946,
          -0.00014837666540315042,
          -1.72875894900938e-08,
          1.0533740312556079e-08,
          -3.998639357655794e-06
        ]
      ]
    },
    "unique_id": "f188bdad993de4151b3de72d7c6c0f09",
    "user": " "
  },
  "ids": [
    1
  ],
  "nextid": 2
}