{
  "1": {
    "calculator": "gpaw",
    "calculator_parameters": {
      "hund": true,
      "kpts": [
        10,
        10,
        1
      ],
      "mode": {
        "ecut": 900.0000000000001,
        "name": "pw"
      },
      "spinpol": true,
      "xc": "PBE"
    },
    "cell": {
      "__ase_objtype__": "cell",
      "array": {
        "__ndarray__": [
          [
            3,
            3
          ],
          "float64",
          [
            2.964921,
            0.0,
            -0.0,
            -1.482461,
            2.567697,
            0.0,
            -0.0,
            0.0,
            30.0
          ]
        ]
      }
    },
    "ctime": 25.7147372824438,
    "dipole": {
      "__ndarray__": [
        [
          3
        ],
        "float64",
        [
          1.8003655757499875,
          -1.0395093528756953,
          -6.267837860267543
        ]
      ]
    },
    "energy": -78.14924423209045,
    "forces": {
      "__ndarray__": [
        [
          9,
          3
        ],
        "float64",
        [
          0.00012052106851126432,
          0.005581689870349578,
          0.0026049285829150065,
          -0.00020117091170366588,
          0.0005158099572061846,
          -0.02072440614566256,
          0.0011057903745887404,
          0.0048923827367596895,
          -0.0361703811127246,
          -0.0008887960537015572,
          0.0006962012946107176,
          0.009947801670657353,
          -0.00027625058769121277,
          0.005301023896813401,
          0.0038497567225776277,
          -0.0008944291310727691,
          0.0005796175661725733,
          -0.01767389764364102,
          0.0011149217924428876,
          0.004762190283833425,
          0.03509000428998633,
          -0.00020542774620296714,
          0.0004907516345977065,
          0.014878278669149727,
          7.212817001791271e-05,
          0.005594737247436762,
          -0.006239287726827262
        ]
      ]
    },
    "free_energy": -78.21972808823216,
    "magmom": -0.002069017219457867,
    "magmoms": {
      "__ndarray__": [
        [
          9
        ],
        "float64",
        [
          -2.431633935748962e-05,
          -6.903941809385232e-05,
          2.0844229299054373e-05,
          -0.0010621429362802893,
          3.321491095888778e-05,
          -0.00025070163415198677,
          9.434681094873783e-06,
          -1.564466785940662e-05,
          -5.238393266065808e-07
        ]
      ]
    },
    "mtime": 25.7147372824438,
    "numbers": {
      "__ndarray__": [
        [
          9
        ],
        "int64",
        [
          7,
          22,
          7,
          22,
          7,
          22,
          7,
          22,
          7
        ]
      ]
    },
    "pbc": {
      "__ndarray__": [
        [
          3
        ],
        "bool",
        [
          true,
          true,
          true
        ]
      ]
    },
    "positions": {
      "__ndarray__": [
        [
          9,
          3
        ],
        "float64",
        [
          1.482461,
          0.855899,
          0.899335,
          -0.0,
          0.0,
          1.75285,
          1.482461,
          0.855899,
          3.424239,
          -0.0,
          0.0,
          4.613778,
          1.482461,
          0.855899,
          6.000205,
          0.0,
          0.0,
          7.386973,
          1.482461,
          0.855899,
          8.57634,
          -0.0,
          0.0,
          10.248289,
          1.482461,
          0.855899,
          11.101477
        ]
      ]
    },
    "stress": {
      "__ndarray__": [
        [
          6
        ],
        "float64",
        [
          0.00010939341676445257,
          0.000182183814497483,
          0.0007155873114513248,
          3.0472427961708903e-08,
          -5.243872722607642e-08,
          -7.987545975108755e-06
        ]
      ]
    },
    "unique_id": "66ac008b4f32e318c14e5d313d56db22",
    "user": " "
  },
  "ids": [
    1
  ],
  "nextid": 2
}