{
  "1": {
    "calculator": "gpaw",
    "calculator_parameters": {
      "hund": true,
      "kpts": [
        10,
        10,
        1
      ],
      "mode": {
        "ecut": 900.0000000000001,
        "name": "pw"
      },
      "spinpol": true,
      "xc": "PBE"
    },
    "cell": {
      "__ase_objtype__": "cell",
      "array": {
        "__ndarray__": [
          [
            3,
            3
          ],
          "float64",
          [
            2.954758,
            -0.0,
            -0.0,
            -1.477379,
            2.558895,
            -0.0,
            -0.0,
            -0.0,
            30.0
          ]
        ]
      }
    },
    "ctime": 25.714738023825635,
    "dipole": {
      "__ndarray__": [
        [
          3
        ],
        "float64",
        [
          2.191200899761516,
          -1.265096075871527,
          -10.390167476558117
        ]
      ]
    },
    "energy": -95.98511111408654,
    "forces": {
      "__ndarray__": [
        [
          11,
          3
        ],
        "float64",
        [
          0.0,
          0.0022508835810164073,
          -0.028804911415929522,
          0.0,
          -0.0007822017947019173,
          0.003980653898094188,
          0.0,
          0.0015438216683088576,
          0.025056520357991538,
          0.0,
          -0.0005288928784480243,
          -0.008955584046711,
          0.0,
          0.001086309735672427,
          -0.0050582163804191345,
          0.0,
          -0.0015413894418658668,
          0.0018572115464648006,
          0.0,
          0.001005814201810498,
          0.0042024065300103,
          0.0,
          -0.000480777813296283,
          0.012990039340796344,
          0.0,
          0.0014731346252628305,
          -0.021098475039087336,
          0.0,
          -0.0008382315630766523,
          -0.006080797651283048,
          0.0,
          0.0019683222247605992,
          0.026489144723892796
        ]
      ]
    },
    "free_energy": -96.08688704876717,
    "magmom": 0.022877957698336525,
    "magmoms": {
      "__ndarray__": [
        [
          11
        ],
        "float64",
        [
          7.073276180175956e-05,
          0.00026327350450196203,
          -7.79440353246429e-05,
          0.00456720258552132,
          -0.00032175975563194706,
          0.009367944104240352,
          -0.00025496369817014776,
          0.001381631297617855,
          -3.4720971003990896e-05,
          4.162447188210896e-05,
          -3.888424398196948e-06
        ]
      ]
    },
    "mtime": 25.714738023825635,
    "numbers": {
      "__ndarray__": [
        [
          11
        ],
        "int64",
        [
          7,
          22,
          7,
          22,
          7,
          22,
          7,
          22,
          7,
          22,
          7
        ]
      ]
    },
    "pbc": {
      "__ndarray__": [
        [
          3
        ],
        "bool",
        [
          true,
          true,
          true
        ]
      ]
    },
    "positions": {
      "__ndarray__": [
        [
          11,
          3
        ],
        "float64",
        [
          1.477379,
          0.852965,
          0.752771,
          0.0,
          -0.0,
          1.610316,
          1.477379,
          0.852965,
          3.276414,
          -0.0,
          -0.0,
          4.46998,
          1.477379,
          0.852965,
          5.870457,
          -0.0,
          -0.0,
          7.200347,
          1.477379,
          0.852965,
          8.530168,
          0.0,
          -0.0,
          9.930642,
          1.477379,
          0.852965,
          11.124187,
          -0.0,
          -0.0,
          12.790313,
          1.477379,
          0.852965,
          13.647898
        ]
      ]
    },
    "stress": {
      "__ndarray__": [
        [
          6
        ],
        "float64",
        [
          2.11655224567737e-05,
          3.902523154281515e-05,
          0.0006923972672859705,
          2.2961211050773045e-07,
          0.0,
          0.0
        ]
      ]
    },
    "unique_id": "f64b44351820f1bc8af680273c419f14",
    "user": " "
  },
  "ids": [
    1
  ],
  "nextid": 2
}