{
  "1": {
    "calculator": "gpaw",
    "calculator_parameters": {
      "hund": true,
      "kpts": [
        10,
        10,
        1
      ],
      "mode": {
        "ecut": 900.0000000000001,
        "name": "pw"
      },
      "spinpol": true,
      "xc": "PBE"
    },
    "cell": {
      "__ase_objtype__": "cell",
      "array": {
        "__ndarray__": [
          [
            3,
            3
          ],
          "float64",
          [
            2.803853,
            0.0,
            -0.0,
            -1.401927,
            2.428208,
            -0.0,
            -0.0,
            -0.0,
            30.0
          ]
        ]
      }
    },
    "ctime": 25.71473603462352,
    "dipole": {
      "__ndarray__": [
        [
          3
        ],
        "float64",
        [
          2.2829345839490927,
          -1.3179640715652678,
          -2.652309421086393
        ]
      ]
    },
    "energy": -63.42120934364864,
    "forces": {
      "__ndarray__": [
        [
          7,
          3
        ],
        "float64",
        [
          0.0206983262038909,
          -0.01375337852573639,
          0.004094047602093507,
          -0.01883127953337923,
          0.011115852290744674,
          -0.02408767492379382,
          -0.002349420855970346,
          -0.0009575840791189427,
          -0.0050847831160218335,
          0.0017949415945211096,
          -0.0003807485510682087,
          0.0013499695032171968,
          -0.002141414352416266,
          -0.0008704196726665214,
          0.01153285387863306,
          -0.019277417721224852,
          0.011421307167797221,
          0.028380206212779032,
          0.020193423474756295,
          -0.01346094118384724,
          -0.004024025570450297
        ]
      ]
    },
    "free_energy": -63.47331479592651,
    "magmom": -2.977609723537619e-07,
    "magmoms": {
      "__ndarray__": [
        [
          7
        ],
        "float64",
        [
          5.15322354582772e-08,
          -2.456502957382795e-07,
          3.991155036842274e-08,
          -1.1318912613699385e-08,
          2.219454797630052e-08,
          -2.2376078617787685e-07,
          1.7181661938800843e-08
        ]
      ]
    },
    "mtime": 25.71473603462352,
    "numbers": {
      "__ndarray__": [
        [
          7
        ],
        "int64",
        [
          7,
          23,
          7,
          23,
          7,
          23,
          7
        ]
      ]
    },
    "pbc": {
      "__ndarray__": [
        [
          3
        ],
        "bool",
        [
          true,
          true,
          true
        ]
      ]
    },
    "positions": {
      "__ndarray__": [
        [
          7,
          3
        ],
        "float64",
        [
          1.401927,
          0.809403,
          1.100806,
          0.0,
          -0.0,
          2.069968,
          1.401927,
          0.809403,
          3.527399,
          0.0,
          -0.0,
          4.801397,
          1.401927,
          0.809403,
          6.075218,
          -0.0,
          -0.0,
          7.533071,
          1.401927,
          0.809403,
          8.502357
        ]
      ]
    },
    "stress": {
      "__ndarray__": [
        [
          6
        ],
        "float64",
        [
          0.0004568550177254547,
          0.0005381622893433361,
          4.763564578980603e-05,
          2.099155731663903e-06,
          -3.311011261845299e-06,
          5.090894913950162e-05
        ]
      ]
    },
    "unique_id": "6e9ed929179ae6bdcb05d30e10c1459e",
    "user": " "
  },
  "ids": [
    1
  ],
  "nextid": 2
}