{
  "1": {
    "calculator": "gpaw",
    "calculator_parameters": {
      "hund": true,
      "kpts": [
        10,
        10,
        1
      ],
      "mode": {
        "ecut": 900.0000000000001,
        "name": "pw"
      },
      "spinpol": true,
      "xc": "PBE"
    },
    "cell": {
      "__ase_objtype__": "cell",
      "array": {
        "__ndarray__": [
          [
            3,
            3
          ],
          "float64",
          [
            2.787264,
            0.0,
            0.0,
            -1.393632,
            2.413842,
            -0.0,
            -0.0,
            -0.0,
            30.0
          ]
        ]
      }
    },
    "ctime": 25.714736880349484,
    "dipole": {
      "__ndarray__": [
        [
          3
        ],
        "float64",
        [
          2.9398446467481913,
          -1.697174258403632,
          -4.3775192826356095
        ]
      ]
    },
    "energy": -82.61495886106808,
    "forces": {
      "__ndarray__": [
        [
          9,
          3
        ],
        "float64",
        [
          0.0,
          -0.008897986712704632,
          -0.0010415481459168613,
          0.0,
          0.007394095955658874,
          -0.007304725344075647,
          0.0,
          0.0011712236351110695,
          0.011908626907221002,
          0.0,
          -0.001713689169797885,
          0.025396762076181592,
          0.0,
          0.0003082206520242361,
          -0.0032910152070784572,
          0.0,
          -0.0017653831419355878,
          -0.025581432934537927,
          0.0,
          0.001305324031569671,
          -0.0034917779648381943,
          0.0,
          0.006881316303076943,
          0.007397003799940246,
          0.0,
          -0.00854220082074621,
          -0.0075728274921031385
        ]
      ]
    },
    "free_energy": -82.67228350221714,
    "magmom": -1.0522887072895187e-08,
    "magmoms": {
      "__ndarray__": [
        [
          9
        ],
        "float64",
        [
          3.204319607027923e-08,
          -9.599579221963963e-08,
          2.663888387379401e-08,
          -8.287728130031124e-09,
          1.8618347154270266e-09,
          -2.2722568124741575e-08,
          -1.858706496985588e-08,
          7.956330065803377e-09,
          -3.3859208651699226e-09
        ]
      ]
    },
    "mtime": 25.714736880349484,
    "numbers": {
      "__ndarray__": [
        [
          9
        ],
        "int64",
        [
          7,
          23,
          7,
          23,
          7,
          23,
          7,
          23,
          7
        ]
      ]
    },
    "pbc": {
      "__ndarray__": [
        [
          3
        ],
        "bool",
        [
          true,
          true,
          true
        ]
      ]
    },
    "positions": {
      "__ndarray__": [
        [
          9,
          3
        ],
        "float64",
        [
          1.393632,
          0.804614,
          0.960564,
          0.0,
          -0.0,
          1.936883,
          1.393632,
          0.804614,
          3.399499,
          0.0,
          -0.0,
          4.670232,
          1.393632,
          0.804614,
          5.999641,
          0.0,
          -0.0,
          7.329019,
          1.393632,
          0.804614,
          8.599704,
          0.0,
          -0.0,
          10.062571,
          1.393632,
          0.804614,
          11.038967
        ]
      ]
    },
    "stress": {
      "__ndarray__": [
        [
          6
        ],
        "float64",
        [
          -0.000978841338659786,
          -0.0010046288797777453,
          0.0015105080581641042,
          1.8005385627542569e-06,
          0.0,
          1.166564704200685e-19
        ]
      ]
    },
    "unique_id": "89a034d7f4c6569c1252a19a70f53eab",
    "user": " "
  },
  "ids": [
    1
  ],
  "nextid": 2
}