{
  "1": {
    "calculator": "gpaw",
    "calculator_parameters": {
      "hund": true,
      "kpts": [
        10,
        10,
        1
      ],
      "mode": {
        "ecut": 900.0000000000001,
        "name": "pw"
      },
      "spinpol": true,
      "xc": "PBE"
    },
    "cell": {
      "__ase_objtype__": "cell",
      "array": {
        "__ndarray__": [
          [
            3,
            3
          ],
          "float64",
          [
            2.780396,
            0.0,
            0.0,
            -1.390198,
            2.407894,
            0.0,
            0.0,
            -0.0,
            30.0
          ]
        ]
      }
    },
    "ctime": 25.7147377504015,
    "dipole": {
      "__ndarray__": [
        [
          3
        ],
        "float64",
        [
          3.577331991098667,
          -2.0651242713296614,
          -7.029483789832918
        ]
      ]
    },
    "energy": -101.80115724015799,
    "forces": {
      "__ndarray__": [
        [
          11,
          3
        ],
        "float64",
        [
          0.0,
          -0.00852443578586538,
          0.022708800514791894,
          0.0,
          0.006254599726445758,
          0.010749368294549626,
          0.0,
          0.0002346681355612222,
          -0.02793779120071742,
          0.0,
          -0.0004326107552629507,
          -0.020271122531169694,
          0.0,
          -0.001374404984147852,
          0.019384977544115528,
          0.0,
          0.0006841150733797508,
          0.0008434203312744357,
          0.0,
          -0.0011123023438389082,
          -0.018770197989228486,
          0.0,
          -0.00045216310393038524,
          0.021196016778022426,
          0.0,
          0.0005545250850527111,
          0.0310284804541399,
          0.0,
          0.006348270012434762,
          -0.01231384435795799,
          0.0,
          -0.008507094711796353,
          -0.023105360596714315
        ]
      ]
    },
    "free_energy": -101.86646249739466,
    "magmom": -2.414153738297271e-07,
    "magmoms": {
      "__ndarray__": [
        [
          11
        ],
        "float64",
        [
          4.8971618805601814e-08,
          -2.897033588732415e-07,
          2.473111139105516e-08,
          8.377942875853874e-09,
          -6.886777190818959e-09,
          -3.6921052362748635e-09,
          -4.317440021229001e-09,
          3.9233194332790666e-09,
          -5.441187910225674e-10,
          -7.052758528579292e-08,
          1.6252433169655718e-08
        ]
      ]
    },
    "mtime": 25.7147377504015,
    "numbers": {
      "__ndarray__": [
        [
          11
        ],
        "int64",
        [
          7,
          23,
          7,
          23,
          7,
          23,
          7,
          23,
          7,
          23,
          7
        ]
      ]
    },
    "pbc": {
      "__ndarray__": [
        [
          3
        ],
        "bool",
        [
          true,
          true,
          true
        ]
      ]
    },
    "positions": {
      "__ndarray__": [
        [
          11,
          3
        ],
        "float64",
        [
          1.390198,
          0.802631,
          0.829134,
          -0.0,
          -0.0,
          1.809678,
          1.390198,
          0.802631,
          3.278168,
          -0.0,
          -0.0,
          4.545647,
          1.390198,
          0.802631,
          5.880866,
          -0.0,
          -0.0,
          7.199979,
          1.390198,
          0.802631,
          8.518932,
          -0.0,
          -0.0,
          9.854572,
          1.390198,
          0.802631,
          11.122403,
          0.0,
          -0.0,
          12.590918,
          1.390198,
          0.802631,
          13.57145
        ]
      ]
    },
    "stress": {
      "__ndarray__": [
        [
          6
        ],
        "float64",
        [
          -0.0007108123831039647,
          -0.0005584206038263712,
          0.0023804043589323335,
          -5.443335675965607e-08,
          0.0,
          3.888549014002283e-20
        ]
      ]
    },
    "unique_id": "c8c1a02e3e33237bba14b2b5abb0519f",
    "user": " "
  },
  "ids": [
    1
  ],
  "nextid": 2
}