{
  "1": {
    "calculator": "gpaw",
    "calculator_parameters": {
      "hund": true,
      "kpts": [
        10,
        10,
        1
      ],
      "mode": {
        "ecut": 900.0000000000001,
        "name": "pw"
      },
      "spinpol": true,
      "xc": "PBE"
    },
    "cell": {
      "__ase_objtype__": "cell",
      "array": {
        "__ndarray__": [
          [
            3,
            3
          ],
          "float64",
          [
            2.903463,
            0.0,
            0.0,
            -1.451732,
            2.514473,
            0.0,
            0.0,
            0.0,
            30.0
          ]
        ]
      }
    },
    "ctime": 25.71473619517893,
    "dipole": {
      "__ndarray__": [
        [
          3
        ],
        "float64",
        [
          2.1017320052063924,
          -1.2133946533174345,
          -8.450440456376379
        ]
      ]
    },
    "energy": -69.57117475438211,
    "forces": {
      "__ndarray__": [
        [
          7,
          3
        ],
        "float64",
        [
          0.012423810419056394,
          -0.0016859680252812703,
          -0.0068416601550184,
          -0.011755872106271662,
          0.006762175707005106,
          0.006730117253461529,
          -0.0033203079417869394,
          0.008579392521968626,
          -0.005739696200923447,
          0.005122145247372856,
          -0.0026745439853469574,
          0.0008622739123522325,
          -0.0033415794447788634,
          0.00858916572346135,
          0.00665320922540142,
          -0.011744495271366933,
          0.00675701043058172,
          -0.0047339247843530665,
          0.01248923705091015,
          -0.0017182009724067224,
          0.010345525217921528
        ]
      ]
    },
    "free_energy": -69.60324328725545,
    "magmom": -1.7176466074062103e-08,
    "magmoms": {
      "__ndarray__": [
        [
          7
        ],
        "float64",
        [
          -3.766621011357272e-08,
          4.505262698474441e-08,
          -7.69673843665199e-09,
          4.2735290510265676e-08,
          -1.0367785605402767e-08,
          4.467842086383121e-08,
          -5.1301543902127836e-08
        ]
      ]
    },
    "mtime": 25.71473619517893,
    "numbers": {
      "__ndarray__": [
        [
          7
        ],
        "int64",
        [
          7,
          74,
          7,
          74,
          7,
          74,
          7
        ]
      ]
    },
    "pbc": {
      "__ndarray__": [
        [
          3
        ],
        "bool",
        [
          true,
          true,
          true
        ]
      ]
    },
    "positions": {
      "__ndarray__": [
        [
          7,
          3
        ],
        "float64",
        [
          1.451732,
          0.838158,
          0.78623,
          -0.0,
          0.0,
          1.893628,
          1.451732,
          0.838158,
          3.42921,
          -0.0,
          0.0,
          4.800243,
          1.451732,
          0.838158,
          6.171293,
          0.0,
          0.0,
          7.706846,
          1.451732,
          0.838158,
          8.814267
        ]
      ]
    },
    "stress": {
      "__ndarray__": [
        [
          6
        ],
        "float64",
        [
          0.0001500664436212859,
          -0.00016731793203128982,
          0.0003665717866834235,
          -8.549220573123412e-08,
          1.7174857470630867e-07,
          -0.00029861540804167116
        ]
      ]
    },
    "unique_id": "99db64126e4d6f26439ae0f33f850c3a",
    "user": " "
  },
  "ids": [
    1
  ],
  "nextid": 2
}