{
  "1": {
    "calculator": "gpaw",
    "calculator_parameters": {
      "hund": true,
      "kpts": [
        10,
        10,
        1
      ],
      "mode": {
        "ecut": 900.0000000000001,
        "name": "pw"
      },
      "spinpol": true,
      "xc": "PBE"
    },
    "cell": {
      "__ase_objtype__": "cell",
      "array": {
        "__ndarray__": [
          [
            3,
            3
          ],
          "float64",
          [
            2.8995750793795616,
            -5.892007248694115e-07,
            3.133747061500475e-08,
            -1.4497885499532503,
            2.5111058873692618,
            -3.0983944858077354e-08,
            3.242286939861593e-07,
            -1.829699169539518e-07,
            30.00000000000016
          ]
        ]
      }
    },
    "ctime": 25.714741124397083,
    "dipole": {
      "__ndarray__": [
        [
          3
        ],
        "float64",
        [
          2.6909188462532687,
          -1.5531127898386583,
          -20.181844884017313
        ]
      ]
    },
    "energy": -89.6133821883096,
    "forces": {
      "__ndarray__": [
        [
          9,
          3
        ],
        "float64",
        [
          0.011247049753697868,
          -0.005976020100018056,
          0.026979186663042862,
          -0.007396583194323365,
          0.004541925808486267,
          0.024809617875504685,
          -0.004323340782919543,
          0.0031030822394238853,
          0.002252577823951177,
          0.005531100330772899,
          -0.0028914362254720727,
          -0.014731870537998487,
          -0.009762042475900842,
          0.00615347650542561,
          -0.001016046533563886,
          0.005527642276675103,
          -0.0028901736657820395,
          0.015285343701595875,
          -0.004379851725175284,
          0.00312446173246859,
          -0.0007431140608021263,
          -0.007331539284680142,
          0.004503228343138021,
          -0.023503487426518612,
          0.011171647345829313,
          -0.005938848207001494,
          -0.021704761747433115
        ]
      ]
    },
    "free_energy": -89.67645587229403,
    "magmom": 6.514106973203688e-09,
    "magmoms": {
      "__ndarray__": [
        [
          9
        ],
        "float64",
        [
          -3.421452138505792e-09,
          -5.030595603060783e-09,
          1.8828266112128882e-10,
          -3.349731488498991e-10,
          -1.3389294604802554e-09,
          3.757328384306261e-09,
          -2.9797895274726992e-09,
          7.791956229549275e-10,
          5.76157017846406e-10
        ]
      ]
    },
    "mtime": 25.714741124397083,
    "numbers": {
      "__ndarray__": [
        [
          9
        ],
        "int64",
        [
          7,
          74,
          7,
          74,
          7,
          74,
          7,
          74,
          7
        ]
      ]
    },
    "pbc": {
      "__ndarray__": [
        [
          3
        ],
        "bool",
        [
          true,
          true,
          true
        ]
      ]
    },
    "positions": {
      "__ndarray__": [
        [
          9,
          3
        ],
        "float64",
        [
          1.4499876348927363,
          0.8369223418767715,
          0.5413945073780637,
          -0.00015064786962515442,
          7.764547607482311e-05,
          1.6504513539306287,
          1.449716684605055,
          0.8370816072842129,
          3.1892673675012646,
          0.00011465829526164533,
          -7.029080934099255e-05,
          4.567361907511325,
          1.4496022193213067,
          0.837146217165236,
          5.99945274637101,
          0.00011638480997639827,
          -7.121297037708065e-05,
          7.43129545947359,
          1.449720212295221,
          0.8370796324315277,
          8.809325636672051,
          -0.00015349507190110895,
          7.935500748320773e-05,
          10.348069085275565,
          1.4499836509876778,
          0.8369247978955803,
          11.457028535631661
        ]
      ]
    },
    "stress": {
      "__ndarray__": [
        [
          6
        ],
        "float64",
        [
          -0.0002636401159474047,
          -0.00022456273743912358,
          0.002193352320267513,
          1.1391186225839683e-06,
          -1.5895471641261482e-06,
          3.9122312464823976e-05
        ]
      ]
    },
    "unique_id": "e8a8c176a78226efb32567c4b45710ec",
    "user": " "
  },
  "ids": [
    1
  ],
  "nextid": 2
}