{
  "1": {
    "calculator": "gpaw",
    "calculator_parameters": {
      "hund": true,
      "kpts": [
        10,
        10,
        1
      ],
      "mode": {
        "ecut": 900.0000000000001,
        "name": "pw"
      },
      "spinpol": true,
      "xc": "PBE"
    },
    "cell": {
      "__ase_objtype__": "cell",
      "array": {
        "__ndarray__": [
          [
            3,
            3
          ],
          "float64",
          [
            2.894372,
            -0.0,
            0.0,
            -1.447186,
            2.5066,
            -0.0,
            -0.0,
            -0.0,
            30.0
          ]
        ]
      }
    },
    "ctime": 25.714738768120952,
    "dipole": {
      "__ndarray__": [
        [
          3
        ],
        "float64",
        [
          3.279518226478694,
          -1.893705488005929,
          -42.56676828335923
        ]
      ]
    },
    "energy": -109.7693393815847,
    "forces": {
      "__ndarray__": [
        [
          11,
          3
        ],
        "float64",
        [
          0.0,
          -0.005188283950959906,
          0.017719644226062016,
          0.0,
          0.003336697273461653,
          -0.0412788386524055,
          0.0,
          0.000756851368706597,
          0.0069814158555508215,
          0.0,
          -0.007583123013319765,
          0.013695604776059087,
          0.0,
          0.011367342880101192,
          0.011903285987248123,
          0.0,
          -0.014740789503774119,
          -0.0009225862760707115,
          0.0,
          0.011324854850037726,
          -0.013256898149094525,
          0.0,
          -0.007514242949924145,
          -0.011188326856394069,
          0.0,
          0.0006947816182960302,
          -0.009491290857315933,
          0.0,
          0.00331139734706344,
          0.04828389612417036,
          0.0,
          -0.005256980572333942,
          -0.010715501374567374
        ]
      ]
    },
    "free_energy": -109.8594323786659,
    "magmom": -1.3048304846850167e-08,
    "magmoms": {
      "__ndarray__": [
        [
          11
        ],
        "float64",
        [
          -6.4865802527585165e-09,
          -3.757704081775518e-09,
          -2.011284106439029e-09,
          2.0074597153267964e-09,
          2.946564725078103e-09,
          -8.1279206682652e-09,
          5.027851683805172e-09,
          -4.806006222631293e-09,
          1.6284324843481045e-09,
          3.934554074718057e-09,
          1.188900912644154e-10
        ]
      ]
    },
    "mtime": 25.714738768120952,
    "numbers": {
      "__ndarray__": [
        [
          11
        ],
        "int64",
        [
          7,
          74,
          7,
          74,
          7,
          74,
          7,
          74,
          7,
          74,
          7
        ]
      ]
    },
    "pbc": {
      "__ndarray__": [
        [
          3
        ],
        "bool",
        [
          true,
          true,
          true
        ]
      ]
    },
    "positions": {
      "__ndarray__": [
        [
          11,
          3
        ],
        "float64",
        [
          1.447186,
          0.835533,
          0.299223,
          -0.0,
          0.0,
          1.41231,
          1.447186,
          0.835533,
          2.938678,
          0.0,
          -0.0,
          4.323419,
          1.447186,
          0.835533,
          5.736943,
          0.0,
          -0.0,
          7.199873,
          1.447186,
          0.835533,
          8.662606,
          0.0,
          -0.0,
          10.076023,
          1.447186,
          0.835533,
          11.46062,
          -0.0,
          -0.0,
          12.987356,
          1.447186,
          0.835533,
          14.100537
        ]
      ]
    },
    "stress": {
      "__ndarray__": [
        [
          6
        ],
        "float64",
        [
          0.0008109237826313091,
          0.00023574828680603254,
          -0.0012367236564261434,
          -4.2689320683426696e-07,
          0.0,
          -3.888549014002283e-20
        ]
      ]
    },
    "unique_id": "a96734dc76c1be8adeecc0818325d9d6",
    "user": " "
  },
  "ids": [
    1
  ],
  "nextid": 2
}