{
  "1": {
    "calculator": "gpaw",
    "calculator_parameters": {
      "hund": true,
      "kpts": [
        10,
        10,
        1
      ],
      "mode": {
        "ecut": 550.0,
        "name": "pw"
      },
      "spinpol": true,
      "xc": "PBE"
    },
    "cell": {
      "__ase_objtype__": "cell",
      "array": {
        "__ndarray__": [
          [
            3,
            3
          ],
          "float64",
          [
            2.8195898552595406,
            -2.537848241584713e-05,
            -4.591407755799956e-06,
            -1.409816406539105,
            2.4418256392297764,
            6.893362814696752e-06,
            -4.8642414489637816e-05,
            5.633406873135566e-05,
            30.00000000009268
          ]
        ]
      }
    },
    "ctime": 25.71672543131547,
    "dipole": {
      "__ndarray__": [
        [
          3
        ],
        "float64",
        [
          -0.0005609788625289774,
          0.00033937080601237763,
          -1.212884011568969
        ]
      ]
    },
    "energy": -61.35789093936137,
    "forces": {
      "__ndarray__": [
        [
          7,
          3
        ],
        "float64",
        [
          0.0016109470635061389,
          0.0006356475970288085,
          -0.019212927381853394,
          0.00018190242646427723,
          -0.0018709899644381925,
          0.040814964663969194,
          3.0725599773615296e-05,
          -0.00036822851064333877,
          -0.0352985240996703,
          1.5588054337899435e-05,
          -1.0597041649583097e-05,
          -0.017702970750344327,
          -7.691986519041904e-05,
          0.00038232834654690275,
          0.0251174052680521,
          -0.0004584315550118043,
          0.0020540667193270214,
          -0.027075107321050885,
          -0.0012889751489889778,
          -0.0008475250868710392,
          -0.007826494955835515
        ]
      ]
    },
    "free_energy": -61.44821782326206,
    "magmom": 2.7530570738875575,
    "magmoms": {
      "__ndarray__": [
        [
          7
        ],
        "float64",
        [
          -0.0876065485820944,
          1.6482258321235623,
          -0.003664841042462976,
          -0.30779221374875937,
          -0.0036327637695957736,
          1.6468108625268933,
          -0.08760762421567557
        ]
      ]
    },
    "mtime": 25.71672543131547,
    "numbers": {
      "__ndarray__": [
        [
          7
        ],
        "int64",
        [
          7,
          24,
          7,
          24,
          7,
          24,
          7
        ]
      ]
    },
    "pbc": {
      "__ndarray__": [
        [
          3
        ],
        "bool",
        [
          true,
          true,
          true
        ]
      ]
    },
    "positions": {
      "__ndarray__": [
        [
          7,
          3
        ],
        "float64",
        [
          1.4095635781938598,
          0.8138862727191667,
          1.3285145372172482,
          0.0005812752887815793,
          -0.00027416339002383355,
          2.146582842064461,
          -0.00025089402909197355,
          1.628055458540468,
          3.603834216671412,
          -6.362392633906571e-06,
          8.180727263107727e-06,
          4.799371974564765,
          1.4100034948250701,
          0.8137665945510091,
          5.993494383585614,
          -0.0005804940532646091,
          0.0002817364385288938,
          7.449553943869044,
          0.00017638025736165875,
          1.6279438979158956,
          8.267564241056032
        ]
      ]
    },
    "stress": {
      "__ndarray__": [
        [
          6
        ],
        "float64",
        [
          0.004089165057239809,
          0.004160563498992908,
          0.028159341457178036,
          -1.620738437239757e-05,
          5.0154247108221446e-05,
          -6.874598676845031e-06
        ]
      ]
    },
    "unique_id": "368528c2cdd7a608add0feb5295f5e53",
    "user": " "
  },
  "ids": [
    1
  ],
  "nextid": 2
}