{
  "1": {
    "calculator": "gpaw",
    "calculator_parameters": {
      "hund": true,
      "kpts": [
        10,
        10,
        1
      ],
      "mode": {
        "ecut": 700.0,
        "name": "pw"
      },
      "spinpol": true,
      "xc": "PBE"
    },
    "cell": {
      "__ase_objtype__": "cell",
      "array": {
        "__ndarray__": [
          [
            3,
            3
          ],
          "float64",
          [
            2.816121503203933,
            -0.0601158472610195,
            -0.0013831817540359375,
            -1.4601625887298497,
            2.407809322289867,
            0.0015010176367395562,
            -0.014957438305720782,
            0.010074041384537527,
            30.00000532121444
          ]
        ]
      }
    },
    "ctime": 25.715587121953643,
    "dipole": {
      "__ndarray__": [
        [
          3
        ],
        "float64",
        [
          2.9364810964077837,
          -1.7958390026927469,
          -1.8434146687785373
        ]
      ]
    },
    "energy": -81.11572552560901,
    "forces": {
      "__ndarray__": [
        [
          9,
          3
        ],
        "float64",
        [
          -0.0097615498982493,
          0.023028728472015588,
          -0.004386572598320507,
          -0.004843529312200436,
          -0.01050088370166715,
          0.010085429953040848,
          -0.014470086472214878,
          0.011334505637544741,
          0.007751711382522978,
          0.001929125213963584,
          -0.003495989285196529,
          0.009131775636155687,
          -0.013533861391422835,
          0.010161562029580413,
          0.006242303327203118,
          0.01977125904571187,
          -0.02775830224549993,
          -0.009577426002085918,
          0.012782796887100724,
          0.0012056980445477928,
          -0.033364220108793474,
          -0.0117707651589267,
          -0.015608497243602231,
          0.003998924328698292,
          0.015538825478083362,
          0.01422220348279989,
          0.015313638697956706
        ]
      ]
    },
    "free_energy": -81.22389486515239,
    "magmom": 1.4362733312317444e-05,
    "magmoms": {
      "__ndarray__": [
        [
          9
        ],
        "float64",
        [
          -2.785486498234524e-05,
          0.0003998422346848217,
          9.495223537140399e-06,
          -0.0006872797984159683,
          2.7180126215306166e-06,
          0.0004019898762399484,
          -1.037033190609049e-05,
          -4.96081722024453e-05,
          2.308258203388724e-06
        ]
      ]
    },
    "mtime": 25.715587121953643,
    "numbers": {
      "__ndarray__": [
        [
          9
        ],
        "int64",
        [
          7,
          24,
          7,
          24,
          7,
          24,
          7,
          24,
          7
        ]
      ]
    },
    "pbc": {
      "__ndarray__": [
        [
          3
        ],
        "bool",
        [
          true,
          true,
          true
        ]
      ]
    },
    "positions": {
      "__ndarray__": [
        [
          9,
          3
        ],
        "float64",
        [
          1.2984754246625176,
          0.811801855631592,
          1.1980487563846236,
          -0.22493918509465977,
          0.13075310949781477,
          2.0800891768084884,
          0.07366048667562941,
          1.5217662550252735,
          3.557346752191123,
          0.14371356660139126,
          -0.08214085970408921,
          4.747418404930693,
          1.529967953012506,
          0.6824407761879612,
          6.027952947996851,
          0.13304341597030955,
          -0.07316214666241357,
          7.308487023081604,
          0.060867227797331704,
          1.5301241580197154,
          8.50015795739503,
          -0.2442652226840308,
          0.14508956044949908,
          9.976670783279982,
          1.2775877235033328,
          0.8245265018724849,
          10.856624906289726
        ]
      ]
    },
    "stress": {
      "__ndarray__": [
        [
          6
        ],
        "float64",
        [
          -0.00031488499512825343,
          -0.0004756213407084113,
          0.008452730858322726,
          0.0005791809525355008,
          -0.0008945152971456689,
          -0.0003481403624006474
        ]
      ]
    },
    "unique_id": "a1dea61984634c27f76c79f7822dc826",
    "user": " "
  },
  "ids": [
    1
  ],
  "nextid": 2
}