{
  "1": {
    "calculator": "gpaw",
    "calculator_parameters": {
      "hund": true,
      "kpts": [
        10,
        10,
        1
      ],
      "mode": {
        "ecut": 900.0000000000001,
        "name": "pw"
      },
      "spinpol": true,
      "xc": "PBE"
    },
    "cell": {
      "__ase_objtype__": "cell",
      "array": {
        "__ndarray__": [
          [
            3,
            3
          ],
          "float64",
          [
            2.777835,
            0.0,
            0.0,
            -1.388917,
            2.405675,
            0.0,
            0.0,
            -0.0,
            30.0
          ]
        ]
      }
    },
    "ctime": 25.714756089466352,
    "dipole": {
      "__ndarray__": [
        [
          3
        ],
        "float64",
        [
          1.612043342835454e-05,
          -6.950327593483174e-06,
          -2.453418188813427
        ]
      ]
    },
    "energy": -99.95938091167278,
    "forces": {
      "__ndarray__": [
        [
          11,
          3
        ],
        "float64",
        [
          0.006674645583534554,
          -0.0037682816421862296,
          0.00848613635200329,
          -0.003980106912295093,
          0.0021946099439178164,
          -0.015618028023788443,
          -0.0020521944151137214,
          0.0011123460621261197,
          -0.014723272191924795,
          -0.0010441468403462053,
          0.0006694409806637222,
          0.019852713292425966,
          -0.00020095258143543356,
          0.00019154256312749275,
          0.009895071656783848,
          1.5158255082331515e-06,
          3.875629486017639e-07,
          -0.0024809323972760098,
          0.0001648405587931958,
          -0.00017496948059928354,
          -0.012810470983072636,
          0.000999650269249168,
          -0.0006402669361718087,
          -0.020300001646948906,
          0.002072302177099209,
          -0.0011241284860398285,
          0.01355687498340485,
          0.003924316327864554,
          -0.0021628335742761113,
          0.01689845260280373,
          -0.006541399285807819,
          0.003693520100399186,
          -0.0037546797400411424
        ]
      ]
    },
    "free_energy": -100.1295718086837,
    "magmom": -0.08416297494184267,
    "magmoms": {
      "__ndarray__": [
        [
          11
        ],
        "float64",
        [
          0.00017352281578304722,
          -0.019823839184816047,
          0.0002596171059064574,
          -0.023931468244829134,
          0.00040673227864926163,
          -0.0047479364413913275,
          0.00013448922660529343,
          -0.006787039788110973,
          -0.00018374881201778216,
          -0.02757834489170807,
          0.0005719914985235926
        ]
      ]
    },
    "mtime": 25.714756089466352,
    "numbers": {
      "__ndarray__": [
        [
          11
        ],
        "int64",
        [
          7,
          24,
          7,
          24,
          7,
          24,
          7,
          24,
          7,
          24,
          7
        ]
      ]
    },
    "pbc": {
      "__ndarray__": [
        [
          3
        ],
        "bool",
        [
          true,
          true,
          true
        ]
      ]
    },
    "positions": {
      "__ndarray__": [
        [
          11,
          3
        ],
        "float64",
        [
          1.388917,
          0.801892,
          1.117898,
          -0.0,
          -0.0,
          1.990423,
          -0.0,
          1.603784,
          3.45608,
          -0.0,
          -0.0,
          4.630509,
          1.388917,
          0.801892,
          5.946945,
          -0.0,
          -0.0,
          7.199852,
          -0.0,
          1.603784,
          8.452757,
          0.0,
          -0.0,
          9.768858,
          1.388917,
          0.801892,
          10.943108,
          0.0,
          -0.0,
          12.408522,
          -0.0,
          1.603784,
          13.280909
        ]
      ]
    },
    "stress": {
      "__ndarray__": [
        [
          6
        ],
        "float64",
        [
          -0.00041373142805362187,
          -0.0002607755897810512,
          0.0003912515296314683,
          -5.110702585261659e-05,
          8.625830073407545e-05,
          0.0001298310660573113
        ]
      ]
    },
    "unique_id": "3ab95f13129c2fb1eef3ce249109c10d",
    "user": " "
  },
  "ids": [
    1
  ],
  "nextid": 2
}