{
  "1": {
    "calculator": "gpaw",
    "calculator_parameters": {
      "hund": true,
      "kpts": [
        10,
        10,
        1
      ],
      "mode": {
        "ecut": 900.0000000000001,
        "name": "pw"
      },
      "spinpol": true,
      "xc": "PBE"
    },
    "cell": {
      "__ase_objtype__": "cell",
      "array": {
        "__ndarray__": [
          [
            3,
            3
          ],
          "float64",
          [
            2.858010346629607,
            4.567517482924274e-06,
            1.4911992307941e-05,
            -1.4290007165588106,
            2.4750834957064884,
            -7.738809085191171e-06,
            0.0001570874937392469,
            -3.501519163486377e-06,
            30.000000000410285
          ]
        ]
      }
    },
    "ctime": 25.714779299398693,
    "dipole": {
      "__ndarray__": [
        [
          3
        ],
        "float64",
        [
          -0.00045269853593542605,
          0.00020693510875410647,
          -0.957994824302604
        ]
      ]
    },
    "energy": -62.58650824242559,
    "forces": {
      "__ndarray__": [
        [
          7,
          3
        ],
        "float64",
        [
          -0.002045707664143073,
          0.0009664947972373001,
          0.04689125531944601,
          0.0008051047914307076,
          -0.0005308098070632304,
          -0.007209439709061138,
          -0.0011171437988587588,
          7.808788820996981e-05,
          0.029119868938269775,
          0.00014224826197197386,
          -0.00012994665579318503,
          -0.010572328078871313,
          0.001059129786902954,
          -1.1983375934310949e-05,
          -0.03343297513383795,
          -0.0007753701015048363,
          0.0005138642392645618,
          0.033093376118273926,
          0.0020790868604245835,
          -0.0009560416333432424,
          -0.04979824841573562
        ]
      ]
    },
    "free_energy": -62.66158748240804,
    "magmom": 6.494609850486344,
    "magmoms": {
      "__ndarray__": [
        [
          7
        ],
        "float64",
        [
          -0.05251567083652733,
          1.9722054665663515,
          0.045988083469578875,
          2.402243683294034,
          0.0464180514134163,
          1.9962900471841332,
          -0.051004681797552666
        ]
      ]
    },
    "mtime": 25.714779299398693,
    "numbers": {
      "__ndarray__": [
        [
          7
        ],
        "int64",
        [
          7,
          25,
          7,
          25,
          7,
          25,
          7
        ]
      ]
    },
    "pbc": {
      "__ndarray__": [
        [
          3
        ],
        "bool",
        [
          true,
          true,
          true
        ]
      ]
    },
    "positions": {
      "__ndarray__": [
        [
          7,
          3
        ],
        "float64",
        [
          1.4290621841656204,
          0.8248944629716793,
          1.4006039085379118,
          -0.0005417003036746454,
          0.00030382354965770764,
          2.1778523017486684,
          0.00027516282145615247,
          1.650194851946206,
          3.6412512521901546,
          2.7826320767844423e-05,
          6.053596300137395e-07,
          4.799884399487175,
          1.4287948168314217,
          0.8248807746653832,
          5.960145733062054,
          0.0005851653387235378,
          -0.0003002291779933181,
          7.420165537368689,
          7.041312753446126e-06,
          1.6501838846819423,
          8.200958932104742
        ]
      ]
    },
    "stress": {
      "__ndarray__": [
        [
          6
        ],
        "float64",
        [
          -0.002436196085637539,
          -0.002361107034594117,
          0.002387828024903628,
          1.0860240194569173e-05,
          -5.839472815127946e-05,
          2.9014282313608953e-05
        ]
      ]
    },
    "unique_id": "ce38eae09ad7ab712dc24908cf2ff69b",
    "user": " "
  },
  "ids": [
    1
  ],
  "nextid": 2
}