{
  "1": {
    "calculator": "gpaw",
    "calculator_parameters": {
      "hund": true,
      "kpts": [
        10,
        10,
        1
      ],
      "mode": {
        "ecut": 900.0000000000001,
        "name": "pw"
      },
      "spinpol": true,
      "xc": "PBE"
    },
    "cell": {
      "__ase_objtype__": "cell",
      "array": {
        "__ndarray__": [
          [
            3,
            3
          ],
          "float64",
          [
            2.8473450458292966,
            -3.3091489360778536e-06,
            2.3569517292385623e-06,
            -1.4236758914779981,
            2.465830875956736,
            -2.4053428879740463e-06,
            2.5008323556050545e-05,
            -1.503491958723053e-05,
            30.000000000022375
          ]
        ]
      }
    },
    "ctime": 25.714829298038566,
    "dipole": {
      "__ndarray__": [
        [
          3
        ],
        "float64",
        [
          0.5028272101789651,
          -0.2908730998549614,
          -1.088382323343448
        ]
      ]
    },
    "energy": -81.21004314736096,
    "forces": {
      "__ndarray__": [
        [
          9,
          3
        ],
        "float64",
        [
          -0.0004787669033060449,
          0.0002406914593422883,
          0.006488569302815163,
          -0.0002543065120392096,
          -2.3077677726907894e-06,
          0.004480559814265883,
          -0.00027553377324784613,
          9.258781793354411e-05,
          -0.009804148130724773,
          0.0004544615554213098,
          -9.218751813385162e-05,
          0.04175917793029028,
          0.0008022204463677123,
          -0.00038148486304249594,
          0.002330330890667942,
          0.0005694298794228006,
          -0.00014218173328247734,
          -0.031754656419478215,
          -0.0001344650896599695,
          1.6449377297250725e-05,
          0.01242006260178935,
          -0.00016344800338042014,
          -2.4612221997819166e-05,
          0.00011032711519932925,
          -0.00042656642161244723,
          0.00020891515646446283,
          0.003808986522599405
        ]
      ]
    },
    "free_energy": -81.29299040842625,
    "magmom": 7.980950779453403,
    "magmoms": {
      "__ndarray__": [
        [
          9
        ],
        "float64",
        [
          -0.05695158784635987,
          1.5672855131082029,
          0.021190470419480672,
          2.335890431293088,
          0.05133188850557736,
          2.337616576446083,
          0.02109509202140068,
          1.603801580643258,
          -0.05737049723361938
        ]
      ]
    },
    "mtime": 25.714829298038566,
    "numbers": {
      "__ndarray__": [
        [
          9
        ],
        "int64",
        [
          7,
          25,
          7,
          25,
          7,
          25,
          7,
          25,
          7
        ]
      ]
    },
    "pbc": {
      "__ndarray__": [
        [
          3
        ],
        "bool",
        [
          true,
          true,
          true
        ]
      ]
    },
    "positions": {
      "__ndarray__": [
        [
          9,
          3
        ],
        "float64",
        [
          1.423367526246297,
          0.8219913028119392,
          1.3702696444465587,
          -0.00039108798770732715,
          0.00014227160929204137,
          2.112384985062585,
          0.00028253557964967574,
          1.6439025249024861,
          3.6344820905384383,
          0.00044412358438039167,
          -0.00015171480749574204,
          4.714008643473456,
          1.4236783802335764,
          0.8217609344438426,
          6.000732369122795,
          0.0003938172598030686,
          -0.00012815066878336316,
          7.286080250048456,
          0.00023844542052534436,
          1.6439272141943877,
          8.367640677221768,
          -0.00036671497212335986,
          0.0001342058603014644,
          9.888998358737812,
          1.4234332497734687,
          0.8219562444336372,
          10.63575961223719
        ]
      ]
    },
    "stress": {
      "__ndarray__": [
        [
          6
        ],
        "float64",
        [
          -0.004527773018679887,
          -0.004498312715816732,
          0.0029632137042126727,
          1.5160103635337101e-06,
          -2.550991208298104e-06,
          2.913280898871349e-06
        ]
      ]
    },
    "unique_id": "c0da1e938037c656150c3b031d5cd3af",
    "user": " "
  },
  "ids": [
    1
  ],
  "nextid": 2
}