{
  "1": {
    "calculator": "gpaw",
    "calculator_parameters": {
      "hund": true,
      "kpts": [
        10,
        10,
        1
      ],
      "mode": {
        "ecut": 900.0000000000001,
        "name": "pw"
      },
      "spinpol": true,
      "xc": "PBE"
    },
    "cell": {
      "__ase_objtype__": "cell",
      "array": {
        "__ndarray__": [
          [
            3,
            3
          ],
          "float64",
          [
            2.842777299702618,
            -9.597589990541507e-06,
            6.751100616134935e-06,
            -1.421396456417182,
            2.4618252954517086,
            2.6404036118719686e-06,
            7.210939075858644e-05,
            7.456634472221475e-05,
            30.000000000201233
          ]
        ]
      }
    },
    "ctime": 25.714887791035093,
    "dipole": {
      "__ndarray__": [
        [
          3
        ],
        "float64",
        [
          -0.0019679772358497036,
          0.001045508582932549,
          -1.3497988395178504
        ]
      ]
    },
    "energy": -99.72416569935,
    "forces": {
      "__ndarray__": [
        [
          11,
          3
        ],
        "float64",
        [
          0.0003035074070061211,
          4.530752369377535e-05,
          -0.00737917512070799,
          -0.0003970176548760358,
          -3.526227324683557e-05,
          0.019807116343423647,
          0.0005302750415697604,
          -0.0003659344178671403,
          0.044861726905892775,
          7.110466094740171e-05,
          8.269674381873176e-05,
          0.013750800363084853,
          -0.000102165535533253,
          -7.569068362279704e-05,
          -0.003153548177959803,
          4.165778630986277e-05,
          -9.742841051967028e-05,
          0.03261828002291055,
          -9.19934730303436e-07,
          0.00015659356180233706,
          -0.009213206300815704,
          -3.5941291017482614e-05,
          -0.00018856929520057617,
          -0.04760861174344382,
          -0.000584207552636937,
          0.0005633950016387656,
          -0.04915042860035361,
          0.00018921001574589573,
          0.00016362578988083826,
          0.02438496692312116,
          -2.426057217097317e-05,
          -0.00024632947017149515,
          -0.03726519485553296
        ]
      ]
    },
    "free_energy": -99.82570835346165,
    "magmom": 10.001142761537254,
    "magmoms": {
      "__ndarray__": [
        [
          11
        ],
        "float64",
        [
          -0.05505515177543335,
          1.4918730593497487,
          0.006860129598980647,
          2.262354512992463,
          0.0355012850446797,
          2.2858832468563377,
          0.03595993169355554,
          2.2636867349493546,
          0.006957200168036661,
          1.523118452899793,
          -0.05456031008265487
        ]
      ]
    },
    "mtime": 25.714887791035093,
    "numbers": {
      "__ndarray__": [
        [
          11
        ],
        "int64",
        [
          7,
          25,
          7,
          25,
          7,
          25,
          7,
          25,
          7,
          25,
          7
        ]
      ]
    },
    "pbc": {
      "__ndarray__": [
        [
          3
        ],
        "bool",
        [
          true,
          true,
          true
        ]
      ]
    },
    "positions": {
      "__ndarray__": [
        [
          11,
          3
        ],
        "float64",
        [
          1.4209881025716713,
          0.8206668217316141,
          1.3105905611368827,
          -0.00017531355329029836,
          -1.999574696282149e-05,
          2.05015183378193,
          0.00043221581428275804,
          1.641277713644589,
          3.5897783637790552,
          0.0006516834449522718,
          -0.00016531887582173745,
          4.646590949589025,
          1.42141800960821,
          0.8204751456136066,
          6.000314045084145,
          2.0870940543059524e-05,
          2.416016190458226e-05,
          7.200461250732845,
          1.029045489684513e-05,
          1.6413755819886533,
          8.404089651390917,
          -0.0006145315343037021,
          0.0001935488930611895,
          9.757392553032208,
          1.4209874359923365,
          0.8205550183834371,
          10.814411343361892,
          0.00025514999303500566,
          3.555529066606397e-05,
          12.353442857073137,
          0.00042877828121623204,
          1.6411926255346974,
          13.098832934028461
        ]
      ]
    },
    "stress": {
      "__ndarray__": [
        [
          6
        ],
        "float64",
        [
          -0.0030868204363772686,
          -0.0030641478838198087,
          0.004520063955448851,
          -1.21331938956621e-05,
          5.286670759901977e-06,
          1.9105380979762124e-06
        ]
      ]
    },
    "unique_id": "b60baf0f454dcfe86730853561ba2d8b",
    "user": " "
  },
  "ids": [
    1
  ],
  "nextid": 2
}