{
  "1": {
    "calculator": "gpaw",
    "calculator_parameters": {
      "hund": true,
      "kpts": [
        10,
        10,
        1
      ],
      "mode": {
        "ecut": 900.0000000000001,
        "name": "pw"
      },
      "spinpol": true,
      "xc": "PBE"
    },
    "cell": {
      "__ase_objtype__": "cell",
      "array": {
        "__ndarray__": [
          [
            3,
            3
          ],
          "float64",
          [
            2.957911,
            0.0,
            -0.0,
            -1.478956,
            2.561626,
            -0.0,
            0.0,
            -0.0,
            30.0
          ]
        ]
      }
    },
    "ctime": 25.714753936575487,
    "dipole": {
      "__ndarray__": [
        [
          3
        ],
        "float64",
        [
          -4.680823787489205e-05,
          2.8744845958206753e-05,
          -4.522883051752334
        ]
      ]
    },
    "energy": -68.19057043700533,
    "forces": {
      "__ndarray__": [
        [
          7,
          3
        ],
        "float64",
        [
          0.0185600957466717,
          -0.010701734893943373,
          0.012825819755828013,
          -0.02110894337938717,
          0.012183134060730797,
          -0.004106749165251407,
          0.007293830203220789,
          -0.004234535930114543,
          0.016732997509541096,
          -2.9436666219454462e-05,
          1.8757366755554864e-05,
          -0.0004888838674829482,
          -0.007292270024038584,
          0.004233135553657601,
          -0.01093592264604853,
          0.021117019160883304,
          -0.012193619408327144,
          0.011238203223779287,
          -0.018540526052309637,
          0.010695061445599006,
          -0.009261372055422577
        ]
      ]
    },
    "free_energy": -68.28501644504698,
    "magmom": 3.151952042776414e-06,
    "magmoms": {
      "__ndarray__": [
        [
          7
        ],
        "float64",
        [
          2.46877553172169e-07,
          1.1499857752136426e-06,
          6.539158264577318e-08,
          3.2099167030887485e-08,
          2.1237156400766383e-08,
          6.276132290935715e-07,
          1.965042906810859e-07
        ]
      ]
    },
    "mtime": 25.714753936575487,
    "numbers": {
      "__ndarray__": [
        [
          7
        ],
        "int64",
        [
          7,
          42,
          7,
          42,
          7,
          42,
          7
        ]
      ]
    },
    "pbc": {
      "__ndarray__": [
        [
          3
        ],
        "bool",
        [
          true,
          true,
          true
        ]
      ]
    },
    "positions": {
      "__ndarray__": [
        [
          7,
          3
        ],
        "float64",
        [
          1.478956,
          0.853875,
          0.968632,
          0.0,
          -0.0,
          1.948233,
          -0.0,
          1.707751,
          3.449764,
          0.0,
          -0.0,
          4.802803,
          1.478956,
          0.853875,
          6.155296,
          -0.0,
          -0.0,
          7.657522,
          -0.0,
          1.707751,
          8.637221
        ]
      ]
    },
    "stress": {
      "__ndarray__": [
        [
          6
        ],
        "float64",
        [
          0.00041327184738446256,
          0.00048749358364414986,
          0.0003639401712481974,
          -0.00010127893144632227,
          0.00017548311090073308,
          6.376660146464633e-05
        ]
      ]
    },
    "unique_id": "c6caefe207d72cf306b9435d383d7382",
    "user": " "
  },
  "ids": [
    1
  ],
  "nextid": 2
}