{
  "1": {
    "calculator": "gpaw",
    "calculator_parameters": {
      "hund": true,
      "kpts": [
        10,
        10,
        1
      ],
      "mode": {
        "ecut": 900.0000000000001,
        "name": "pw"
      },
      "spinpol": true,
      "xc": "PBE"
    },
    "cell": {
      "__ase_objtype__": "cell",
      "array": {
        "__ndarray__": [
          [
            3,
            3
          ],
          "float64",
          [
            2.925879,
            0.0,
            -0.0,
            -1.462939,
            2.533885,
            -0.0,
            -0.0,
            -0.0,
            30.0
          ]
        ]
      }
    },
    "ctime": 25.71475775679301,
    "dipole": {
      "__ndarray__": [
        [
          3
        ],
        "float64",
        [
          0.4667910042702301,
          -0.2695047803620146,
          -11.085434921900076
        ]
      ]
    },
    "energy": -88.66144203684173,
    "forces": {
      "__ndarray__": [
        [
          9,
          3
        ],
        "float64",
        [
          0.0032108597720569383,
          -0.001854205707196146,
          -0.04299941431606521,
          -0.01157615054029566,
          0.006693236249468385,
          -0.007262069051887938,
          0.01033785039253281,
          -0.005987329750853854,
          0.03177313953405632,
          -0.011859981493352512,
          0.006847630963437608,
          0.021716874973734594,
          0.01978871165103555,
          -0.011407733296741602,
          -0.0022977468216723303,
          -0.011781808693670667,
          0.006802605935887107,
          -0.02544141843335039,
          0.010327731866022788,
          -0.005981523673211247,
          -0.019784296381140275,
          -0.011509384643133069,
          0.006654812654292707,
          -0.0009073555929401659,
          0.0032198951778553996,
          -0.0018595174634811363,
          0.022833532838998277
        ]
      ]
    },
    "free_energy": -88.76961653764235,
    "magmom": -5.244386333585828e-07,
    "magmoms": {
      "__ndarray__": [
        [
          9
        ],
        "float64",
        [
          -5.223165423616673e-08,
          -1.728519711805672e-07,
          -2.521193827596328e-09,
          4.6841335445436654e-08,
          -2.8932409314632846e-09,
          -2.5129406899975832e-08,
          8.544619989571292e-10,
          -1.2279537013703924e-07,
          -2.5814597932894553e-08
        ]
      ]
    },
    "mtime": 25.71475775679301,
    "numbers": {
      "__ndarray__": [
        [
          9
        ],
        "int64",
        [
          7,
          42,
          7,
          42,
          7,
          42,
          7,
          42,
          7
        ]
      ]
    },
    "pbc": {
      "__ndarray__": [
        [
          3
        ],
        "bool",
        [
          true,
          true,
          true
        ]
      ]
    },
    "positions": {
      "__ndarray__": [
        [
          9,
          3
        ],
        "float64",
        [
          1.462939,
          0.844628,
          0.712769,
          0.0,
          -0.0,
          1.727365,
          -0.0,
          1.689257,
          3.235509,
          -0.0,
          -0.0,
          4.595968,
          1.462939,
          0.844628,
          6.002779,
          0.0,
          -0.0,
          7.409754,
          -0.0,
          1.689257,
          8.769359,
          -0.0,
          -0.0,
          10.27857,
          1.462939,
          0.844628,
          11.293376
        ]
      ]
    },
    "stress": {
      "__ndarray__": [
        [
          6
        ],
        "float64",
        [
          0.0010789314414697787,
          0.0010797867253433925,
          1.2685627979347432e-05,
          4.919433066434827e-07,
          -8.508898651080139e-07,
          3.989036392714819e-07
        ]
      ]
    },
    "unique_id": "6e0ae632e9b56d2363478c929f7171f4",
    "user": " "
  },
  "ids": [
    1
  ],
  "nextid": 2
}