{
  "1": {
    "calculator": "gpaw",
    "calculator_parameters": {
      "hund": true,
      "kpts": [
        10,
        10,
        1
      ],
      "mode": {
        "ecut": 900.0000000000001,
        "name": "pw"
      },
      "spinpol": true,
      "xc": "PBE"
    },
    "cell": {
      "__ase_objtype__": "cell",
      "array": {
        "__ndarray__": [
          [
            3,
            3
          ],
          "float64",
          [
            2.9044374822857257,
            0.0,
            0.0,
            -1.4522187411428629,
            2.5153266401760055,
            5.318324491266676e-06,
            0.0,
            6.343083452853587e-05,
            30.00000000006738
          ]
        ]
      }
    },
    "ctime": 25.7147645741429,
    "dipole": {
      "__ndarray__": [
        [
          3
        ],
        "float64",
        [
          -5.012649288318475e-05,
          -1.7125984710770077e-05,
          -27.301602879933156
        ]
      ]
    },
    "energy": -109.17262853776317,
    "forces": {
      "__ndarray__": [
        [
          11,
          3
        ],
        "float64",
        [
          0.0,
          -0.00315192320929916,
          0.01613033338876286,
          0.0,
          0.0014711697678931063,
          -0.0013040163149387902,
          0.0,
          -0.0032408022648698627,
          0.03257049835880385,
          0.0,
          -0.008450432214911407,
          0.0014921144146937172,
          0.0,
          0.014533754262508008,
          0.004994296550606596,
          0.0,
          -1.3821024046260483e-05,
          0.0009688604320248949,
          0.0,
          -0.014566011085570171,
          -0.005613518190114326,
          0.0,
          0.008447052117115448,
          0.0007584959274311355,
          0.0,
          0.003277614256537742,
          -0.0315445263157195,
          0.0,
          -0.0015016981405932912,
          0.0002871930217476602,
          0.0,
          0.0031613427918358535,
          -0.02465620480995349
        ]
      ]
    },
    "free_energy": -109.29537248026318,
    "magmom": 3.8504726423425167e-07,
    "magmoms": {
      "__ndarray__": [
        [
          11
        ],
        "float64",
        [
          -1.5676763311063595e-09,
          6.912754900408737e-08,
          1.2202127923269855e-09,
          -1.0468046481598014e-08,
          8.752341244145714e-10,
          4.295306917942499e-09,
          2.7682958021871168e-09,
          -2.978592869102635e-09,
          -3.1571104436438662e-09,
          1.6603813823170607e-07,
          4.947460457421499e-08
        ]
      ]
    },
    "mtime": 25.7147645741429,
    "numbers": {
      "__ndarray__": [
        [
          11
        ],
        "int64",
        [
          7,
          42,
          7,
          42,
          7,
          42,
          7,
          42,
          7,
          42,
          7
        ]
      ]
    },
    "pbc": {
      "__ndarray__": [
        [
          3
        ],
        "bool",
        [
          true,
          true,
          true
        ]
      ]
    },
    "positions": {
      "__ndarray__": [
        [
          11,
          3
        ],
        "float64",
        [
          1.4522187411428629,
          0.8384077127030721,
          0.4491641358775216,
          0.0,
          1.389512970161765e-05,
          1.4892853818068326,
          0.0,
          1.67684717013968,
          3.008154693351374,
          0.0,
          -0.00013934660296295492,
          4.377244319089688,
          1.4522187411428629,
          0.8387128685524876,
          5.80253143215686,
          0.0,
          1.5183381798275419e-05,
          7.198324405148679,
          0.0,
          1.6766425987353655,
          8.594253041083922,
          0.0,
          0.0001699126251247706,
          10.019500836879782,
          1.4522187411428629,
          0.8385098385526073,
          11.38869888536761,
          0.0,
          1.5682711534078497e-05,
          12.907878784663282,
          0.0,
          1.6769500656328198,
          13.948288003327391
        ]
      ]
    },
    "stress": {
      "__ndarray__": [
        [
          6
        ],
        "float64",
        [
          0.0003916856398784582,
          -0.00015997880147522494,
          0.0032065102003293877,
          -0.0002680967401243829,
          0.0,
          0.0
        ]
      ]
    },
    "unique_id": "3646c41f0bf3805015f961620b816d8c",
    "user": " "
  },
  "ids": [
    1
  ],
  "nextid": 2
}