{
  "1": {
    "calculator": "gpaw",
    "calculator_parameters": {
      "hund": true,
      "kpts": [
        10,
        10,
        1
      ],
      "mode": {
        "ecut": 900.0000000000001,
        "name": "pw"
      },
      "spinpol": true,
      "xc": "PBE"
    },
    "cell": {
      "__ase_objtype__": "cell",
      "array": {
        "__ndarray__": [
          [
            3,
            3
          ],
          "float64",
          [
            3.117855,
            -0.0,
            0.0,
            -1.558927,
            2.700141,
            -0.0,
            -0.0,
            0.0,
            30.0
          ]
        ]
      }
    },
    "ctime": 25.71475712921719,
    "dipole": {
      "__ndarray__": [
        [
          3
        ],
        "float64",
        [
          9.752493059133619e-05,
          -5.7662235889853845e-05,
          -3.1389055182583783
        ]
      ]
    },
    "energy": -70.36503926180188,
    "forces": {
      "__ndarray__": [
        [
          7,
          3
        ],
        "float64",
        [
          0.00994807300365531,
          0.0006232535741438468,
          0.0394464462919837,
          -0.015859065564793124,
          0.007964261100066523,
          0.0052087768248798415,
          0.0030867682884522774,
          -0.00960785170564274,
          0.009768710128246342,
          2.7366373062629642e-05,
          -1.9081752552299234e-05,
          -0.008978431473041342,
          -0.003114885990120696,
          0.009635487069611674,
          -0.0006847089754957724,
          0.015832139314720783,
          -0.007939566250417548,
          -0.007634660744320681,
          -0.009938354145009555,
          -0.0006363306224584634,
          -0.034772134008994315
        ]
      ]
    },
    "free_energy": -70.41945735233175,
    "magmom": -1.7256972478982717e-07,
    "magmoms": {
      "__ndarray__": [
        [
          7
        ],
        "float64",
        [
          6.295395291760396e-09,
          -1.0753312504808149e-08,
          1.7030916941181779e-09,
          -1.2086236547607335e-07,
          -5.6904923986945475e-09,
          -1.182193666103799e-08,
          -1.1531248023473398e-08
        ]
      ]
    },
    "mtime": 25.71475712921719,
    "numbers": {
      "__ndarray__": [
        [
          7
        ],
        "int64",
        [
          7,
          41,
          7,
          41,
          7,
          41,
          7
        ]
      ]
    },
    "pbc": {
      "__ndarray__": [
        [
          3
        ],
        "bool",
        [
          true,
          true,
          true
        ]
      ]
    },
    "positions": {
      "__ndarray__": [
        [
          7,
          3
        ],
        "float64",
        [
          1.558927,
          0.900047,
          1.125736,
          0.0,
          0.0,
          1.969845,
          -0.0,
          1.800094,
          3.445209,
          -0.0,
          0.0,
          4.800724,
          1.558927,
          0.900047,
          6.154739,
          0.0,
          0.0,
          7.630496,
          -0.0,
          1.800094,
          8.474208
        ]
      ]
    },
    "stress": {
      "__ndarray__": [
        [
          6
        ],
        "float64",
        [
          0.0004675582283440044,
          0.0006078549029144608,
          0.0016127197398582798,
          1.998038775814656e-05,
          -3.3195356210361504e-05,
          8.939362478864605e-05
        ]
      ]
    },
    "unique_id": "3b9c98ecc0982fbbf42a47314b11ad4d",
    "user": " "
  },
  "ids": [
    1
  ],
  "nextid": 2
}