{
  "1": {
    "calculator": "gpaw",
    "calculator_parameters": {
      "hund": true,
      "kpts": [
        10,
        10,
        1
      ],
      "mode": {
        "ecut": 900.0000000000001,
        "name": "pw"
      },
      "spinpol": true,
      "xc": "PBE"
    },
    "cell": {
      "__ase_objtype__": "cell",
      "array": {
        "__ndarray__": [
          [
            3,
            3
          ],
          "float64",
          [
            3.078975,
            -0.0,
            -0.0,
            -1.539487,
            2.66647,
            0.0,
            0.0,
            0.0,
            30.0
          ]
        ]
      }
    },
    "ctime": 25.714758755411708,
    "dipole": {
      "__ndarray__": [
        [
          3
        ],
        "float64",
        [
          0.2723349584411977,
          -0.15720042925542196,
          -7.454244855777112
        ]
      ]
    },
    "energy": -91.01681164381414,
    "forces": {
      "__ndarray__": [
        [
          9,
          3
        ],
        "float64",
        [
          -0.004972100512907288,
          0.0035317794159574058,
          0.01900332739241062,
          0.0021183603600861876,
          -0.0023130243920058673,
          -0.006354693685561536,
          -0.002236023647906979,
          -4.5536246866986176e-05,
          0.005906139493518127,
          0.01227453089425555,
          -0.006988314737900866,
          -0.0007339801607664699,
          -0.014280326384943474,
          0.009608438054088482,
          -2.2199695057709656e-05,
          0.012286446496860337,
          -0.007000984426855407,
          0.0004162224125086316,
          -0.002263637205536773,
          -2.849242760492764e-05,
          -0.00492872700876243,
          0.0021178000264592605,
          -0.002310451531045493,
          0.007689443703658961,
          -0.004972159100676086,
          0.0035355304907029803,
          -0.01879223541339326
        ]
      ]
    },
    "free_energy": -91.0845011028828,
    "magmom": -4.3627408250217564e-08,
    "magmoms": {
      "__ndarray__": [
        [
          9
        ],
        "float64",
        [
          3.736996480174502e-09,
          -7.682982023642983e-09,
          1.1418239051534993e-09,
          -1.06141846601978e-08,
          2.628792037494548e-09,
          -2.5560806194597334e-08,
          2.67648824210025e-09,
          1.8743860267063774e-09,
          -1.640926640164105e-09
        ]
      ]
    },
    "mtime": 25.714758755411708,
    "numbers": {
      "__ndarray__": [
        [
          9
        ],
        "int64",
        [
          7,
          41,
          7,
          41,
          7,
          41,
          7,
          41,
          7
        ]
      ]
    },
    "pbc": {
      "__ndarray__": [
        [
          3
        ],
        "bool",
        [
          true,
          true,
          true
        ]
      ]
    },
    "positions": {
      "__ndarray__": [
        [
          9,
          3
        ],
        "float64",
        [
          1.539487,
          0.888823,
          0.865063,
          -0.0,
          0.0,
          1.731229,
          -0.0,
          1.777647,
          3.237052,
          0.0,
          0.0,
          4.568422,
          1.539487,
          0.888823,
          5.999828,
          0.0,
          0.0,
          7.431282,
          -0.0,
          1.777647,
          8.76257,
          -0.0,
          0.0,
          10.268389,
          1.539487,
          0.888823,
          11.134549
        ]
      ]
    },
    "stress": {
      "__ndarray__": [
        [
          6
        ],
        "float64",
        [
          -7.733214642806567e-06,
          -0.00010183611627676002,
          0.0009170749319145729,
          3.637354902515114e-08,
          -1.862724365410792e-08,
          -7.538333569984012e-05
        ]
      ]
    },
    "unique_id": "c484ae1b3db41e72b3f72f83010c9af4",
    "user": " "
  },
  "ids": [
    1
  ],
  "nextid": 2
}