{
  "1": {
    "calculator": "gpaw",
    "calculator_parameters": {
      "hund": true,
      "kpts": [
        10,
        10,
        1
      ],
      "mode": {
        "ecut": 900.0000000000001,
        "name": "pw"
      },
      "spinpol": true,
      "xc": "PBE"
    },
    "cell": {
      "__ase_objtype__": "cell",
      "array": {
        "__ndarray__": [
          [
            3,
            3
          ],
          "float64",
          [
            3.044829,
            0.0,
            0.0,
            -1.522414,
            2.636899,
            -0.0,
            0.0,
            -0.0,
            30.0
          ]
        ]
      }
    },
    "ctime": 25.714760785800507,
    "dipole": {
      "__ndarray__": [
        [
          3
        ],
        "float64",
        [
          -7.677530506171081e-06,
          1.7430888095016174e-06,
          -20.3355765528712
        ]
      ]
    },
    "energy": -111.68948804357366,
    "forces": {
      "__ndarray__": [
        [
          11,
          3
        ],
        "float64",
        [
          0.0032245387013162706,
          -0.0005544831268922739,
          0.017351995182653755,
          -5.914954310034246e-05,
          -0.0011986566046449738,
          -0.006885202185633429,
          0.0037079259694676493,
          -0.0045583535028513285,
          0.014187475042322845,
          -0.0007590233673412667,
          0.000589997945214523,
          0.017920920619834,
          -0.007943416037152934,
          0.006833342747571603,
          0.034268413927861764,
          8.230001021659543e-05,
          -5.6129323726618365e-05,
          0.0011998496302840418,
          0.007817967869341424,
          -0.006759962263983609,
          -0.030817893138289896,
          0.0007065607735245933,
          -0.0005534755868847044,
          -0.01657290213426261,
          -0.0036116374791112125,
          0.004527394278806795,
          -0.01798856975207318,
          5.94546057285057e-05,
          0.0011867318869600877,
          0.008841383070214546,
          -0.003277905884772016,
          0.0005473310909832606,
          -0.023781396834245332
        ]
      ]
    },
    "free_energy": -111.77331857753964,
    "magmom": 2.633544170244678e-08,
    "magmoms": {
      "__ndarray__": [
        [
          11
        ],
        "float64",
        [
          -1.0867345299849684e-09,
          -2.2738131042095088e-10,
          1.4025486966211933e-10,
          1.920589620778562e-09,
          7.193991445689899e-10,
          -5.073783022513004e-09,
          4.2842075852643914e-10,
          1.4308008474397393e-08,
          5.891956031685374e-10,
          9.535582382236966e-09,
          -2.2990292422653753e-10
        ]
      ]
    },
    "mtime": 25.714760785800507,
    "numbers": {
      "__ndarray__": [
        [
          11
        ],
        "int64",
        [
          7,
          41,
          7,
          41,
          7,
          41,
          7,
          41,
          7,
          41,
          7
        ]
      ]
    },
    "pbc": {
      "__ndarray__": [
        [
          3
        ],
        "bool",
        [
          true,
          true,
          true
        ]
      ]
    },
    "positions": {
      "__ndarray__": [
        [
          11,
          3
        ],
        "float64",
        [
          1.522414,
          0.878966,
          0.565976,
          0.0,
          -0.0,
          1.459729,
          -0.0,
          1.757933,
          2.952242,
          -0.0,
          -0.0,
          4.3158,
          1.522414,
          0.878966,
          5.777753,
          0.0,
          -0.0,
          7.200114,
          -0.0,
          1.757933,
          8.62246,
          0.0,
          -0.0,
          10.08441,
          1.522414,
          0.878966,
          11.44813,
          0.0,
          -0.0,
          12.940643,
          -0.0,
          1.757933,
          13.834541
        ]
      ]
    },
    "stress": {
      "__ndarray__": [
        [
          6
        ],
        "float64",
        [
          2.023130174371725e-06,
          -2.8797492924916012e-05,
          0.0025124984468802764,
          -0.0001126065465323756,
          0.00019549791190280993,
          -1.5618293408045254e-05
        ]
      ]
    },
    "unique_id": "bd79560c40196eac5d838503159c0bb7",
    "user": " "
  },
  "ids": [
    1
  ],
  "nextid": 2
}