{
  "1": {
    "calculator": "gpaw",
    "calculator_parameters": {
      "hund": true,
      "kpts": [
        10,
        10,
        1
      ],
      "mode": {
        "ecut": 800.0,
        "name": "pw"
      },
      "spinpol": true,
      "xc": "PBE"
    },
    "cell": {
      "__ase_objtype__": "cell",
      "array": {
        "__ndarray__": [
          [
            3,
            3
          ],
          "float64",
          [
            3.2719759396535113,
            -4.967670921665697e-21,
            -3.559213057679579e-22,
            -1.6359879698267557,
            2.8335975114171474,
            7.981614342016444e-05,
            1.038282566357668e-18,
            0.0008366651833160749,
            30.000000011741676
          ]
        ]
      }
    },
    "ctime": 25.714909328728332,
    "dipole": {
      "__ndarray__": [
        [
          3
        ],
        "float64",
        [
          0.0012896092225500927,
          -0.009199058975365697,
          -3.27563673806677
        ]
      ]
    },
    "energy": -51.77517765597498,
    "forces": {
      "__ndarray__": [
        [
          7,
          3
        ],
        "float64",
        [
          0.0,
          0.0003376846578300576,
          0.00922568508362861,
          0.0,
          -0.0005184827976344752,
          -0.010594611150286877,
          0.0,
          -0.00655360084994934,
          0.011964225138139849,
          3.4028269563717333e-22,
          0.0005096308738753953,
          0.01041153103326552,
          0.0,
          0.005681553839814724,
          -0.020296968519254267,
          0.0,
          -0.004313361839130848,
          -0.0028174657310164907,
          0.0,
          0.004424849817108188,
          0.0009407819486842531
        ]
      ]
    },
    "free_energy": -51.850680971067796,
    "magmom": 2.1285402361980816,
    "magmoms": {
      "__ndarray__": [
        [
          7
        ],
        "float64",
        [
          0.3024483691149795,
          0.02110394783469798,
          0.060164247937767215,
          0.024902514759765,
          0.06053419333585124,
          0.021034400348851862,
          0.3019710416120201
        ]
      ]
    },
    "mtime": 25.714909328728332,
    "numbers": {
      "__ndarray__": [
        [
          7
        ],
        "int64",
        [
          7,
          21,
          7,
          21,
          7,
          21,
          7
        ]
      ]
    },
    "pbc": {
      "__ndarray__": [
        [
          3
        ],
        "bool",
        [
          true,
          true,
          true
        ]
      ]
    },
    "positions": {
      "__ndarray__": [
        [
          7,
          3
        ],
        "float64",
        [
          1.6359879698267548,
          0.9445209978975773,
          1.1098813457200887,
          -7.322937513666029e-17,
          -0.00015317362285837628,
          1.9070601471105697,
          -5.968881806217474e-18,
          1.891657609874975,
          3.52645103011516,
          -1.1552765797303942e-18,
          0.00039247918907518833,
          4.8022874992587825,
          1.6359879698267548,
          0.9429779984200259,
          6.079647406815743,
          1.4269247565386336e-18,
          0.0008467970285450755,
          7.699132774420936,
          1.0319372335382317e-18,
          1.8892527307228233,
          8.493982188990458
        ]
      ]
    },
    "stress": {
      "__ndarray__": [
        [
          6
        ],
        "float64",
        [
          1.9036727838500653e-05,
          -6.110134296970234e-05,
          0.0013374490808815047,
          -6.170886477929742e-05,
          0.0,
          0.0
        ]
      ]
    },
    "unique_id": "4ef2610c800613ead11875b11da4928c",
    "user": " "
  },
  "ids": [
    1
  ],
  "nextid": 2
}