{
  "1": {
    "calculator": "gpaw",
    "calculator_parameters": {
      "hund": true,
      "kpts": [
        10,
        10,
        1
      ],
      "mode": {
        "ecut": 900.0000000000001,
        "name": "pw"
      },
      "spinpol": true,
      "xc": "PBE"
    },
    "cell": {
      "__ase_objtype__": "cell",
      "array": {
        "__ndarray__": [
          [
            3,
            3
          ],
          "float64",
          [
            3.127703,
            -0.0,
            -0.0,
            -1.563852,
            2.70867,
            -0.0,
            -0.0,
            -0.0,
            30.0
          ]
        ]
      }
    },
    "ctime": 25.71476111709746,
    "dipole": {
      "__ndarray__": [
        [
          3
        ],
        "float64",
        [
          4.363243295296362e-05,
          -2.3983821488744668e-05,
          -3.2482955057688643
        ]
      ]
    },
    "energy": -68.85604668965749,
    "forces": {
      "__ndarray__": [
        [
          7,
          3
        ],
        "float64",
        [
          0.00486363357916117,
          -0.0031482758527523603,
          -0.0034616634281104523,
          -0.010506979190730218,
          0.006596304356597914,
          0.02996593375196331,
          5.57247961082255e-05,
          0.0012150998870730666,
          0.002361827235053342,
          1.8468219883228517e-05,
          -7.607230467497874e-06,
          -0.003294297878419783,
          -6.62678973068772e-05,
          -0.0011591960867355778,
          0.006260921630921502,
          0.010489433924450524,
          -0.006578771764539672,
          -0.03646327644121273,
          -0.004855300033483361,
          0.003153110272164867,
          0.004588953080049275
        ]
      ]
    },
    "free_energy": -68.9135684710398,
    "magmom": -2.7639820367768783e-07,
    "magmoms": {
      "__ndarray__": [
        [
          7
        ],
        "float64",
        [
          1.022769941109698e-09,
          -4.007604701705823e-08,
          1.0465093119472946e-08,
          -1.5581528521310295e-07,
          7.787625417417348e-09,
          -5.011660696860432e-08,
          5.037732241727628e-09
        ]
      ]
    },
    "mtime": 25.71476111709746,
    "numbers": {
      "__ndarray__": [
        [
          7
        ],
        "int64",
        [
          7,
          73,
          7,
          73,
          7,
          73,
          7
        ]
      ]
    },
    "pbc": {
      "__ndarray__": [
        [
          3
        ],
        "bool",
        [
          true,
          true,
          true
        ]
      ]
    },
    "positions": {
      "__ndarray__": [
        [
          7,
          3
        ],
        "float64",
        [
          1.563852,
          0.90289,
          1.121104,
          0.0,
          -0.0,
          1.970091,
          -0.0,
          1.80578,
          3.441891,
          -0.0,
          -0.0,
          4.800662,
          1.563852,
          0.90289,
          6.158393,
          0.0,
          -0.0,
          7.631091,
          -0.0,
          1.80578,
          8.479877
        ]
      ]
    },
    "stress": {
      "__ndarray__": [
        [
          6
        ],
        "float64",
        [
          -0.00044663350413734666,
          -0.00032019993581739733,
          0.0009138074336224034,
          5.593100244134812e-05,
          -9.281144628690467e-05,
          6.393749453242881e-05
        ]
      ]
    },
    "unique_id": "f61528bc8617ee5da04574e2c7760047",
    "user": " "
  },
  "ids": [
    1
  ],
  "nextid": 2
}