{
  "1": {
    "calculator": "gpaw",
    "calculator_parameters": {
      "hund": true,
      "kpts": [
        10,
        10,
        1
      ],
      "mode": {
        "ecut": 900.0000000000001,
        "name": "pw"
      },
      "spinpol": true,
      "xc": "PBE"
    },
    "cell": {
      "__ase_objtype__": "cell",
      "array": {
        "__ndarray__": [
          [
            3,
            3
          ],
          "float64",
          [
            3.07716,
            -0.0,
            0.0,
            -1.53858,
            2.664899,
            0.0,
            -0.0,
            0.0,
            30.0
          ]
        ]
      }
    },
    "ctime": 25.71476249139312,
    "dipole": {
      "__ndarray__": [
        [
          3
        ],
        "float64",
        [
          0.24371811061355494,
          -0.14088899398093596,
          -8.84935770762174
        ]
      ]
    },
    "energy": -88.74058973885809,
    "forces": {
      "__ndarray__": [
        [
          9,
          3
        ],
        "float64",
        [
          0.0,
          0.023132205203625637,
          0.005178787786132533,
          0.0,
          -0.0021223379804729417,
          0.002975467220284252,
          0.0,
          -0.024771183277260158,
          -0.02412104501324477,
          0.0,
          -0.007376217270695368,
          0.008859464096931141,
          0.0,
          0.03129439524792075,
          0.00048620644039871894,
          0.0,
          -0.0073753164658813325,
          -0.009047615853262584,
          0.0,
          -0.02488748409601696,
          0.023602138463959654,
          0.0,
          -0.0021164838512950724,
          -0.0035626079073919565,
          0.0,
          0.023173322447125746,
          -0.005740034092428681
        ]
      ]
    },
    "free_energy": -88.81247256650671,
    "magmom": -3.3773106739460605e-08,
    "magmoms": {
      "__ndarray__": [
        [
          9
        ],
        "float64",
        [
          1.5178275020904204e-08,
          -4.011226731164196e-08,
          -5.229560368890083e-09,
          1.061339641596481e-08,
          -1.9143857237298207e-09,
          1.6164581328900642e-08,
          -4.8382839596677276e-09,
          -4.976130232583933e-08,
          3.022966455423503e-08
        ]
      ]
    },
    "mtime": 25.71476249139312,
    "numbers": {
      "__ndarray__": [
        [
          9
        ],
        "int64",
        [
          7,
          73,
          7,
          73,
          7,
          73,
          7,
          73,
          7
        ]
      ]
    },
    "pbc": {
      "__ndarray__": [
        [
          3
        ],
        "bool",
        [
          true,
          true,
          true
        ]
      ]
    },
    "positions": {
      "__ndarray__": [
        [
          9,
          3
        ],
        "float64",
        [
          1.53858,
          0.8883,
          0.816447,
          0.0,
          0.0,
          1.701604,
          -0.0,
          1.776599,
          3.196257,
          0.0,
          0.0,
          4.555138,
          1.53858,
          0.8883,
          5.999929,
          -0.0,
          0.0,
          7.444884,
          -0.0,
          1.776599,
          8.803823,
          0.0,
          0.0,
          10.298503,
          1.53858,
          0.8883,
          11.18369
        ]
      ]
    },
    "stress": {
      "__ndarray__": [
        [
          6
        ],
        "float64",
        [
          -0.000478686803442411,
          -0.00034454878939580477,
          0.0006246330126181556,
          3.232813404674878e-07,
          0.0,
          -1.2151715668757135e-21
        ]
      ]
    },
    "unique_id": "b702a8dae727089d688ffb1a33b64b26",
    "user": " "
  },
  "ids": [
    1
  ],
  "nextid": 2
}