{
  "1": {
    "calculator": "gpaw",
    "calculator_parameters": {
      "hund": true,
      "kpts": [
        10,
        10,
        1
      ],
      "mode": {
        "ecut": 900.0000000000001,
        "name": "pw"
      },
      "spinpol": true,
      "xc": "PBE"
    },
    "cell": {
      "__ase_objtype__": "cell",
      "array": {
        "__ndarray__": [
          [
            3,
            3
          ],
          "float64",
          [
            3.037535,
            -0.0,
            0.0,
            -1.518768,
            2.630583,
            0.0,
            -0.0,
            0.0,
            30.0
          ]
        ]
      }
    },
    "ctime": 25.71476523300966,
    "dipole": {
      "__ndarray__": [
        [
          3
        ],
        "float64",
        [
          -3.9206536685945295e-05,
          2.6428123204084042e-05,
          -27.12231561993496
        ]
      ]
    },
    "energy": -108.7311653641838,
    "forces": {
      "__ndarray__": [
        [
          11,
          3
        ],
        "float64",
        [
          0.0044883815594822345,
          0.008000782209758115,
          0.003402696888558231,
          -0.0009620965494897953,
          -0.0009614542845233494,
          0.008682591411761335,
          0.0038028027777324194,
          -0.016404424221861683,
          0.0033906943508336595,
          -0.002583104164452644,
          0.0017113171950473031,
          -0.006137879188659314,
          -0.003572287372542425,
          0.014373090074981472,
          -0.024169723090668532,
          -4.252915558899925e-05,
          3.492272388332315e-05,
          -0.0004908717318347073,
          0.003624909472508145,
          -0.014458560312929426,
          0.01882673160939355,
          0.0026129618741776123,
          -0.0017424350689558585,
          0.005541463050548555,
          -0.003801576159448321,
          0.01637660157203218,
          -0.005654803726213583,
          0.0010016280204748118,
          0.000964347474011015,
          -0.008752425328788097,
          -0.004510517331895438,
          -0.007860300356611267,
          -0.005050162795200078
        ]
      ]
    },
    "free_energy": -108.81471133038232,
    "magmom": -2.501711662646334e-08,
    "magmoms": {
      "__ndarray__": [
        [
          11
        ],
        "float64",
        [
          -1.3390195417010862e-09,
          -9.6946619973586e-09,
          8.430898599981713e-09,
          -4.792978343894282e-09,
          -3.7027099323313393e-10,
          3.4494804832904252e-09,
          -2.0135229559183218e-09,
          -6.242142484234971e-10,
          -3.87538061360225e-09,
          -1.2636271606449038e-08,
          4.201290006012536e-09
        ]
      ]
    },
    "mtime": 25.71476523300966,
    "numbers": {
      "__ndarray__": [
        [
          11
        ],
        "int64",
        [
          7,
          73,
          7,
          73,
          7,
          73,
          7,
          73,
          7,
          73,
          7
        ]
      ]
    },
    "pbc": {
      "__ndarray__": [
        [
          3
        ],
        "bool",
        [
          true,
          true,
          true
        ]
      ]
    },
    "positions": {
      "__ndarray__": [
        [
          11,
          3
        ],
        "float64",
        [
          1.518768,
          0.876861,
          0.479297,
          0.0,
          0.0,
          1.398227,
          -0.0,
          1.753722,
          2.882803,
          0.0,
          0.0,
          4.287706,
          1.518768,
          0.876861,
          5.766102,
          -0.0,
          0.0,
          7.199862,
          -0.0,
          1.753722,
          8.633707,
          -0.0,
          0.0,
          10.112013,
          1.518768,
          0.876861,
          11.516845,
          -0.0,
          0.0,
          13.001566,
          -0.0,
          1.753722,
          13.920559
        ]
      ]
    },
    "stress": {
      "__ndarray__": [
        [
          6
        ],
        "float64",
        [
          0.0005245651711807564,
          0.0005436812971768156,
          0.0016220952348933232,
          -0.00011850235294592964,
          0.00023486808970979295,
          1.3267110095006107e-05
        ]
      ]
    },
    "unique_id": "3c98122d42732da93d5b36099ae5894f",
    "user": " "
  },
  "ids": [
    1
  ],
  "nextid": 2
}