{
  "1": {
    "calculator": "gpaw",
    "calculator_parameters": {
      "hund": true,
      "kpts": [
        10,
        10,
        1
      ],
      "mode": {
        "ecut": 900.0000000000001,
        "name": "pw"
      },
      "spinpol": true,
      "xc": "PBE"
    },
    "cell": {
      "__ase_objtype__": "cell",
      "array": {
        "__ndarray__": [
          [
            3,
            3
          ],
          "float64",
          [
            3.045693,
            0.0,
            0.0,
            -1.522847,
            2.637648,
            0.0,
            -0.0,
            0.0,
            30.0
          ]
        ]
      }
    },
    "ctime": 25.71476392147759,
    "dipole": {
      "__ndarray__": [
        [
          3
        ],
        "float64",
        [
          2.96999542420683e-05,
          -1.5580115593770483e-05,
          -1.8757439322851994
        ]
      ]
    },
    "energy": -62.102266542139404,
    "forces": {
      "__ndarray__": [
        [
          7,
          3
        ],
        "float64",
        [
          -0.00013190417679522222,
          -0.0013397816499449333,
          -0.01240822686849706,
          0.0006327481496406146,
          -0.0001015202429768549,
          -0.01726815508765643,
          -0.0015850694485169965,
          0.002843015487351571,
          -0.007107497948018063,
          -2.7045881095361693e-07,
          -1.4099530227083958e-06,
          0.000678406859656179,
          0.0015865643936630845,
          -0.002845697769858458,
          0.010614885642868018,
          -0.0006200169283705656,
          0.00010047481951289305,
          0.014616567688489873,
          0.00011751933260645838,
          0.0013401426589806115,
          0.01043599275652975
        ]
      ]
    },
    "free_energy": -62.10743790003594,
    "magmom": -1.2748416163168446e-09,
    "magmoms": {
      "__ndarray__": [
        [
          7
        ],
        "float64",
        [
          -2.5396704933584975e-08,
          2.7282428239738898e-08,
          -1.0662273810152159e-08,
          2.4783729015761905e-08,
          -7.444275860896363e-09,
          2.8679049732674742e-08,
          -2.448783965871771e-08
        ]
      ]
    },
    "mtime": 25.71476392147759,
    "numbers": {
      "__ndarray__": [
        [
          7
        ],
        "int64",
        [
          7,
          22,
          7,
          22,
          7,
          22,
          7
        ]
      ]
    },
    "pbc": {
      "__ndarray__": [
        [
          3
        ],
        "bool",
        [
          true,
          true,
          true
        ]
      ]
    },
    "positions": {
      "__ndarray__": [
        [
          7,
          3
        ],
        "float64",
        [
          1.522847,
          0.879216,
          1.286251,
          0.0,
          0.0,
          1.995867,
          -0.0,
          1.758432,
          3.626434,
          0.0,
          0.0,
          4.799855,
          1.522847,
          0.879216,
          5.973164,
          -0.0,
          0.0,
          7.60416,
          -0.0,
          1.758432,
          8.313804
        ]
      ]
    },
    "stress": {
      "__ndarray__": [
        [
          6
        ],
        "float64",
        [
          -2.5199282497147464e-06,
          6.580113650745671e-05,
          0.00014252288752116224,
          4.116325124247959e-06,
          -4.566472442364569e-06,
          1.8500674060402695e-05
        ]
      ]
    },
    "unique_id": "5ffe038c18caf39a86a9b3aa9d4eb20d",
    "user": " "
  },
  "ids": [
    1
  ],
  "nextid": 2
}