{
  "1": {
    "calculator": "gpaw",
    "calculator_parameters": {
      "hund": true,
      "kpts": [
        10,
        10,
        1
      ],
      "mode": {
        "ecut": 900.0000000000001,
        "name": "pw"
      },
      "spinpol": true,
      "xc": "PBE"
    },
    "cell": {
      "__ase_objtype__": "cell",
      "array": {
        "__ndarray__": [
          [
            3,
            3
          ],
          "float64",
          [
            3.034648,
            -0.0,
            -0.0,
            -1.517324,
            2.628082,
            -0.0,
            0.0,
            -0.0,
            30.0
          ]
        ]
      }
    },
    "ctime": 25.714765122434372,
    "dipole": {
      "__ndarray__": [
        [
          3
        ],
        "float64",
        [
          0.2286156682119261,
          -0.13196747605387574,
          -2.566898727438142
        ]
      ]
    },
    "energy": -80.32280231784927,
    "forces": {
      "__ndarray__": [
        [
          9,
          3
        ],
        "float64",
        [
          0.0,
          0.0007678157699353244,
          -0.02339250972048093,
          0.0,
          -0.0021014022225033712,
          -0.01517918619541241,
          0.0,
          -0.00045371950350899887,
          0.035187996263562914,
          0.0,
          0.0011399270550189627,
          0.029684198743192936,
          0.0,
          0.0003449239310864113,
          0.000669637776134961,
          0.0,
          0.0011415827932278247,
          -0.02755145433368069,
          0.0,
          -0.0004238914342458979,
          -0.03478000539839854,
          0.0,
          -0.0021011958633046298,
          0.014484715879737264,
          0.0,
          0.0007696930822951063,
          0.019657789131170413
        ]
      ]
    },
    "free_energy": -80.35338921091548,
    "magmom": -4.363412749367331e-09,
    "magmoms": {
      "__ndarray__": [
        [
          9
        ],
        "float64",
        [
          -1.0397550460054698e-08,
          9.02424554340256e-10,
          1.0917515969328254e-09,
          3.2508672244623065e-09,
          1.2280446290705567e-08,
          -8.80916996085518e-09,
          4.295342889025614e-09,
          -6.234433598589339e-09,
          -3.242690113161275e-09
        ]
      ]
    },
    "mtime": 25.714765122434372,
    "numbers": {
      "__ndarray__": [
        [
          9
        ],
        "int64",
        [
          7,
          22,
          7,
          22,
          7,
          22,
          7,
          22,
          7
        ]
      ]
    },
    "pbc": {
      "__ndarray__": [
        [
          3
        ],
        "bool",
        [
          true,
          true,
          true
        ]
      ]
    },
    "positions": {
      "__ndarray__": [
        [
          9,
          3
        ],
        "float64",
        [
          1.517324,
          0.876027,
          1.188965,
          -0.0,
          -0.0,
          1.905945,
          -0.0,
          1.752055,
          3.551613,
          0.0,
          -0.0,
          4.680853,
          1.517324,
          0.876027,
          5.999976,
          -0.0,
          -0.0,
          7.319137,
          -0.0,
          1.752055,
          8.448497,
          0.0,
          -0.0,
          10.094328,
          1.517324,
          0.876027,
          10.811523
        ]
      ]
    },
    "stress": {
      "__ndarray__": [
        [
          6
        ],
        "float64",
        [
          -6.351894102827926e-05,
          8.093024855435092e-05,
          0.0009573442523287218,
          2.8685068033010515e-08,
          0.0,
          0.0
        ]
      ]
    },
    "unique_id": "3ef168465257d89b05056343c4248995",
    "user": " "
  },
  "ids": [
    1
  ],
  "nextid": 2
}