{
  "1": {
    "calculator": "gpaw",
    "calculator_parameters": {
      "hund": true,
      "kpts": [
        10,
        10,
        1
      ],
      "mode": {
        "ecut": 900.0000000000001,
        "name": "pw"
      },
      "spinpol": true,
      "xc": "PBE"
    },
    "cell": {
      "__ase_objtype__": "cell",
      "array": {
        "__ndarray__": [
          [
            3,
            3
          ],
          "float64",
          [
            3.027612,
            -0.0,
            0.0,
            -1.513806,
            2.621989,
            -0.0,
            -0.0,
            -0.0,
            30.0
          ]
        ]
      }
    },
    "ctime": 25.714766653511198,
    "dipole": {
      "__ndarray__": [
        [
          3
        ],
        "float64",
        [
          4.435296265608708e-05,
          -2.5500222428787597e-05,
          -3.529981428936729
        ]
      ]
    },
    "energy": -98.44122537543139,
    "forces": {
      "__ndarray__": [
        [
          11,
          3
        ],
        "float64",
        [
          0.0,
          -0.004365366498706383,
          0.016109417805136025,
          0.0,
          0.0011431399941032637,
          -0.0017066042834812274,
          0.0,
          0.005970730025149077,
          -0.004601099759252455,
          0.0,
          -0.0005896589543412379,
          -0.013438093658299642,
          0.0,
          -0.006617160249548825,
          0.005911040289825898,
          0.0,
          9.372801715225765e-06,
          -0.0009006391929288696,
          0.0,
          0.006547872500631545,
          -0.007311668775357457,
          0.0,
          0.0005908413941161205,
          0.011344576920759622,
          0.0,
          -0.005840176533154935,
          0.00266504209829111,
          0.0,
          -0.0011521968251465295,
          0.0012350494418146086,
          0.0,
          0.004319022093889628,
          -0.013205883372335508
        ]
      ]
    },
    "free_energy": -98.48473294889959,
    "magmom": 9.064752729451138e-09,
    "magmoms": {
      "__ndarray__": [
        [
          11
        ],
        "float64",
        [
          -5.3606675742309e-10,
          5.748744913344794e-09,
          5.680430742867466e-09,
          4.671553777072223e-09,
          -5.043271261752769e-09,
          3.4295821004375086e-09,
          4.700323275260174e-09,
          -8.076162737286663e-09,
          -9.939825777486469e-09,
          6.418264135376289e-09,
          4.002890650857692e-09
        ]
      ]
    },
    "mtime": 25.714766653511198,
    "numbers": {
      "__ndarray__": [
        [
          11
        ],
        "int64",
        [
          7,
          22,
          7,
          22,
          7,
          22,
          7,
          22,
          7,
          22,
          7
        ]
      ]
    },
    "pbc": {
      "__ndarray__": [
        [
          3
        ],
        "bool",
        [
          true,
          true,
          true
        ]
      ]
    },
    "positions": {
      "__ndarray__": [
        [
          11,
          3
        ],
        "float64",
        [
          1.513806,
          0.873996,
          1.093645,
          -0.0,
          -0.0,
          1.815773,
          -0.0,
          1.747993,
          3.468444,
          -0.0,
          -0.0,
          4.594993,
          1.513806,
          0.873996,
          5.93835,
          -0.0,
          -0.0,
          7.200263,
          -0.0,
          1.747993,
          8.462205,
          -0.0,
          -0.0,
          9.805454,
          1.513806,
          0.873996,
          10.931868,
          -0.0,
          -0.0,
          12.584552,
          -0.0,
          1.747993,
          13.306452
        ]
      ]
    },
    "stress": {
      "__ndarray__": [
        [
          6
        ],
        "float64",
        [
          0.0003821470113925936,
          0.0003561675513087281,
          0.0016725005175127609,
          1.6940203712673778e-05,
          0.0,
          -1.9442745070011416e-20
        ]
      ]
    },
    "unique_id": "4b7f168f38af8b5b0bd9fdb9ac90706d",
    "user": " "
  },
  "ids": [
    1
  ],
  "nextid": 2
}