{
  "1": {
    "calculator": "gpaw",
    "calculator_parameters": {
      "hund": true,
      "kpts": [
        10,
        10,
        1
      ],
      "mode": {
        "ecut": 900.0000000000001,
        "name": "pw"
      },
      "spinpol": true,
      "xc": "PBE"
    },
    "cell": {
      "__ase_objtype__": "cell",
      "array": {
        "__ndarray__": [
          [
            3,
            3
          ],
          "float64",
          [
            2.893203,
            0.0,
            0.0,
            -1.446602,
            2.505588,
            0.0,
            -0.0,
            0.0,
            30.0
          ]
        ]
      }
    },
    "ctime": 25.714767114331153,
    "dipole": {
      "__ndarray__": [
        [
          3
        ],
        "float64",
        [
          6.181250302481369e-06,
          -2.1221354659204133e-06,
          -1.328863015426769
        ]
      ]
    },
    "energy": -64.04813834011316,
    "forces": {
      "__ndarray__": [
        [
          7,
          3
        ],
        "float64",
        [
          0.004109591329838199,
          -0.00037087034484550277,
          -0.010174380927138349,
          -0.007183304879209939,
          0.003518096249471709,
          0.006628351091059264,
          0.005428702931125638,
          -0.004851860065696394,
          -0.007416765020359274,
          -7.826149257258528e-06,
          -1.591171676023467e-06,
          0.0004672169368661539,
          -0.005377971004430343,
          0.004852245865189004,
          0.010776010463937231,
          0.007185068953872847,
          -0.0035625650655813548,
          -0.006313412011264887,
          -0.004114572135181801,
          0.00027480211427092675,
          0.009905543776884587
        ]
      ]
    },
    "free_energy": -64.1185061787069,
    "magmom": 2.8651285619671003e-06,
    "magmoms": {
      "__ndarray__": [
        [
          7
        ],
        "float64",
        [
          1.1465677938416609e-07,
          -8.19109939682555e-06,
          -1.7618848590724262e-07,
          3.6316280842610025e-06,
          -2.3387186015294817e-07,
          8.178196594065583e-06,
          -4.6874220138561883e-07
        ]
      ]
    },
    "mtime": 25.714767114331153,
    "numbers": {
      "__ndarray__": [
        [
          7
        ],
        "int64",
        [
          7,
          23,
          7,
          23,
          7,
          23,
          7
        ]
      ]
    },
    "pbc": {
      "__ndarray__": [
        [
          3
        ],
        "bool",
        [
          true,
          true,
          true
        ]
      ]
    },
    "positions": {
      "__ndarray__": [
        [
          7,
          3
        ],
        "float64",
        [
          1.446602,
          0.835196,
          1.320953,
          0.0,
          0.0,
          2.137121,
          -0.0,
          1.670392,
          3.582553,
          -0.0,
          0.0,
          4.800206,
          1.446602,
          0.835196,
          6.017699,
          -0.0,
          0.0,
          7.463355,
          -0.0,
          1.670392,
          8.279537
        ]
      ]
    },
    "stress": {
      "__ndarray__": [
        [
          6
        ],
        "float64",
        [
          -0.00019346014526856525,
          -8.591702046533397e-05,
          0.00030563167831629354,
          -5.533432909406227e-06,
          1.525501548012399e-05,
          9.89006608110909e-05
        ]
      ]
    },
    "unique_id": "639fe42a13242bbc51ce5cb45612fdef",
    "user": " "
  },
  "ids": [
    1
  ],
  "nextid": 2
}