{
  "1": {
    "calculator": "gpaw",
    "calculator_parameters": {
      "hund": true,
      "kpts": [
        10,
        10,
        1
      ],
      "mode": {
        "ecut": 900.0000000000001,
        "name": "pw"
      },
      "spinpol": true,
      "xc": "PBE"
    },
    "cell": {
      "__ase_objtype__": "cell",
      "array": {
        "__ndarray__": [
          [
            3,
            3
          ],
          "float64",
          [
            2.869458,
            0.0,
            0.0,
            -1.434729,
            2.485023,
            -0.0,
            -0.0,
            -0.0,
            30.0
          ]
        ]
      }
    },
    "ctime": 25.71476779337334,
    "dipole": {
      "__ndarray__": [
        [
          3
        ],
        "float64",
        [
          0.4904267645239946,
          -0.2831521437445447,
          -1.9922527533764038
        ]
      ]
    },
    "energy": -83.03395663749748,
    "forces": {
      "__ndarray__": [
        [
          9,
          3
        ],
        "float64",
        [
          0.0,
          0.015909353573943463,
          -0.0036734524508400743,
          0.0,
          -0.002502852469029923,
          -0.011037922984114545,
          0.0,
          -0.01499276328643524,
          -0.015213189804625512,
          0.0,
          -0.0023961384941959592,
          0.004450580094972958,
          0.0,
          0.019358966564248747,
          -0.006359063967620372,
          0.0,
          -0.00223523169489436,
          -0.004488648172674709,
          0.0,
          -0.01478410352948307,
          0.012412823762561144,
          0.0,
          -0.0024007001776002977,
          0.011834531935245694,
          0.0,
          0.015635552323497684,
          -0.00130304396193839
        ]
      ]
    },
    "free_energy": -83.11441243127908,
    "magmom": 7.358422029433794e-05,
    "magmoms": {
      "__ndarray__": [
        [
          9
        ],
        "float64",
        [
          9.815553180184987e-07,
          -1.1586677642528435e-05,
          -1.5658809354138498e-06,
          3.478029208325766e-05,
          -4.911384616325387e-06,
          7.891297833869554e-05,
          -2.475553519073822e-06,
          -2.5531475185470708e-05,
          2.757760017313381e-06
        ]
      ]
    },
    "mtime": 25.71476779337334,
    "numbers": {
      "__ndarray__": [
        [
          9
        ],
        "int64",
        [
          7,
          23,
          7,
          23,
          7,
          23,
          7,
          23,
          7
        ]
      ]
    },
    "pbc": {
      "__ndarray__": [
        [
          3
        ],
        "bool",
        [
          true,
          true,
          true
        ]
      ]
    },
    "positions": {
      "__ndarray__": [
        [
          9,
          3
        ],
        "float64",
        [
          1.434729,
          0.828341,
          1.201026,
          -0.0,
          -0.0,
          2.031427,
          -0.0,
          1.656682,
          3.492224,
          0.0,
          -0.0,
          4.681808,
          1.434729,
          0.828341,
          5.999409,
          -0.0,
          -0.0,
          7.316906,
          -0.0,
          1.656682,
          8.506461,
          0.0,
          -0.0,
          9.967274,
          1.434729,
          0.828341,
          10.797608
        ]
      ]
    },
    "stress": {
      "__ndarray__": [
        [
          6
        ],
        "float64",
        [
          -0.00013821811358955593,
          -5.928036710866432e-05,
          0.0011196184685799359,
          5.626734225218332e-07,
          0.0,
          0.0
        ]
      ]
    },
    "unique_id": "7d6b6af596312a7f707963a10ece013e",
    "user": " "
  },
  "ids": [
    1
  ],
  "nextid": 2
}