{
  "1": {
    "calculator": "gpaw",
    "calculator_parameters": {
      "hund": true,
      "kpts": [
        10,
        10,
        1
      ],
      "mode": {
        "ecut": 900.0000000000001,
        "name": "pw"
      },
      "spinpol": true,
      "xc": "PBE"
    },
    "cell": {
      "__ase_objtype__": "cell",
      "array": {
        "__ndarray__": [
          [
            3,
            3
          ],
          "float64",
          [
            2.852145,
            -0.0,
            0.0,
            -1.426073,
            2.47003,
            -0.0,
            -0.0,
            -0.0,
            30.0
          ]
        ]
      }
    },
    "ctime": 25.714771012653966,
    "dipole": {
      "__ndarray__": [
        [
          3
        ],
        "float64",
        [
          -2.9396134362938528e-05,
          2.262801810683915e-05,
          -3.135618945881719
        ]
      ]
    },
    "energy": -101.94174414919313,
    "forces": {
      "__ndarray__": [
        [
          11,
          3
        ],
        "float64",
        [
          0.0002303406342406699,
          -0.0007943579472174636,
          0.02522296120524738,
          0.0006146794458500405,
          -0.0009750340437564793,
          -0.015005222936311265,
          -0.0006466066002266634,
          0.0008451587132350363,
          -0.025110860379105992,
          0.0026775118572794246,
          -0.0013430726479631133,
          0.008914034754382709,
          -0.003346340526590934,
          0.0015620955523209276,
          0.021143599650231937,
          4.593302174214186e-06,
          1.4206239728213327e-05,
          -0.0003646645789760078,
          0.0033023371198371764,
          -0.001302799244650046,
          -0.024014049347669056,
          -0.002681676650821704,
          0.001377996337947121,
          -0.008046864226678602,
          0.000683520436328516,
          -0.0009369677183902388,
          0.026534495704345063,
          -0.0006068439497139968,
          0.0009882511381626765,
          0.01784224432604537,
          -0.00027310323405806895,
          0.00024236384434278205,
          -0.020957519445063227
        ]
      ]
    },
    "free_energy": -102.04683713277564,
    "magmom": 6.106541816386877e-05,
    "magmoms": {
      "__ndarray__": [
        [
          11
        ],
        "float64",
        [
          -3.953062574769078e-06,
          4.741768911287831e-05,
          -1.4868202453632371e-06,
          1.0391981195771265e-06,
          -7.469853810713767e-07,
          1.2746504603961236e-05,
          -9.276147185876555e-07,
          9.447396145384995e-06,
          -3.9274916155653616e-07,
          -3.552681005224085e-07,
          3.297298578392165e-08
        ]
      ]
    },
    "mtime": 25.714771012653966,
    "numbers": {
      "__ndarray__": [
        [
          11
        ],
        "int64",
        [
          7,
          23,
          7,
          23,
          7,
          23,
          7,
          23,
          7,
          23,
          7
        ]
      ]
    },
    "pbc": {
      "__ndarray__": [
        [
          3
        ],
        "bool",
        [
          true,
          true,
          true
        ]
      ]
    },
    "positions": {
      "__ndarray__": [
        [
          11,
          3
        ],
        "float64",
        [
          1.426073,
          0.823343,
          1.070515,
          0.0,
          -0.0,
          1.91117,
          -0.0,
          1.646687,
          3.381169,
          -0.0,
          -0.0,
          4.565581,
          1.426073,
          0.823343,
          5.909419,
          -0.0,
          -0.0,
          7.199956,
          -0.0,
          1.646687,
          8.490635,
          0.0,
          -0.0,
          9.834165,
          1.426073,
          0.823343,
          11.018669,
          0.0,
          -0.0,
          12.487998,
          -0.0,
          1.646687,
          13.32845
        ]
      ]
    },
    "stress": {
      "__ndarray__": [
        [
          6
        ],
        "float64",
        [
          5.607177349369227e-05,
          0.00018670805673445527,
          0.001406571591954355,
          -2.7982941726701412e-05,
          5.025032421095499e-05,
          8.445245218844211e-05
        ]
      ]
    },
    "unique_id": "c1293dd640f26474ed97c0dcb16913d9",
    "user": " "
  },
  "ids": [
    1
  ],
  "nextid": 2
}