{
  "1": {
    "calculator": "gpaw",
    "calculator_parameters": {
      "hund": true,
      "kpts": [
        10,
        10,
        1
      ],
      "mode": {
        "ecut": 900.0000000000001,
        "name": "pw"
      },
      "spinpol": true,
      "xc": "PBE"
    },
    "cell": {
      "__ase_objtype__": "cell",
      "array": {
        "__ndarray__": [
          [
            3,
            3
          ],
          "float64",
          [
            2.935263,
            -0.0,
            0.0,
            -1.467632,
            2.542013,
            0.0,
            -0.0,
            0.0,
            30.0
          ]
        ]
      }
    },
    "ctime": 25.71476816654355,
    "dipole": {
      "__ndarray__": [
        [
          3
        ],
        "float64",
        [
          8.402261289577938e-05,
          -4.642061561925175e-05,
          -6.704650604649678
        ]
      ]
    },
    "energy": -68.57294267653926,
    "forces": {
      "__ndarray__": [
        [
          7,
          3
        ],
        "float64",
        [
          -0.013241995220854398,
          0.013263118285192246,
          -0.003519081238883106,
          0.008818110211115704,
          -0.0065326482975356275,
          0.019838652388387206,
          -0.00024119973781441104,
          -0.0077188118797114425,
          -0.009514062653842742,
          4.86255187239634e-05,
          -2.5944013862734055e-05,
          0.0063765746984280605,
          0.00044037186051978206,
          0.007635420566607472,
          0.007462248996019755,
          -0.00879322766539782,
          0.00652456028825501,
          0.00725187690451578,
          0.013279843821189933,
          -0.013261154632930847,
          0.03818193637346074
        ]
      ]
    },
    "free_energy": -68.64983367931221,
    "magmom": 6.432858056765086e-07,
    "magmoms": {
      "__ndarray__": [
        [
          7
        ],
        "float64",
        [
          8.758529107818949e-08,
          2.761806577203816e-07,
          -7.483992896025024e-09,
          -4.4180995011650935e-09,
          5.131579571846861e-09,
          5.560071827135932e-08,
          1.923856432213342e-08
        ]
      ]
    },
    "mtime": 25.71476816654355,
    "numbers": {
      "__ndarray__": [
        [
          7
        ],
        "int64",
        [
          7,
          74,
          7,
          74,
          7,
          74,
          7
        ]
      ]
    },
    "pbc": {
      "__ndarray__": [
        [
          3
        ],
        "bool",
        [
          true,
          true,
          true
        ]
      ]
    },
    "positions": {
      "__ndarray__": [
        [
          7,
          3
        ],
        "float64",
        [
          1.467632,
          0.847338,
          0.855095,
          0.0,
          0.0,
          1.900376,
          -0.0,
          1.694675,
          3.408111,
          -0.0,
          0.0,
          4.803204,
          1.467632,
          0.847338,
          6.198943,
          -0.0,
          0.0,
          7.70608,
          -0.0,
          1.694675,
          8.751535
        ]
      ]
    },
    "stress": {
      "__ndarray__": [
        [
          6
        ],
        "float64",
        [
          -0.00017808949299886383,
          1.8135895618779428e-05,
          0.00048823490131497306,
          0.00013233024388974719,
          -0.000231465315051453,
          0.00017348418483827596
        ]
      ]
    },
    "unique_id": "317fbbe4d0094cceb519f653240129ce",
    "user": " "
  },
  "ids": [
    1
  ],
  "nextid": 2
}