{
  "1": {
    "calculator": "gpaw",
    "calculator_parameters": {
      "hund": true,
      "kpts": [
        10,
        10,
        1
      ],
      "mode": {
        "ecut": 900.0000000000001,
        "name": "pw"
      },
      "spinpol": true,
      "xc": "PBE"
    },
    "cell": {
      "__ase_objtype__": "cell",
      "array": {
        "__ndarray__": [
          [
            3,
            3
          ],
          "float64",
          [
            2.906473,
            0.0,
            -0.0,
            -1.453236,
            2.517079,
            0.0,
            -0.0,
            0.0,
            30.0
          ]
        ]
      }
    },
    "ctime": 25.71477088822432,
    "dipole": {
      "__ndarray__": [
        [
          3
        ],
        "float64",
        [
          0.4378250433179496,
          -0.25276489090431203,
          -18.742090761127542
        ]
      ]
    },
    "energy": -88.9457492439906,
    "forces": {
      "__ndarray__": [
        [
          9,
          3
        ],
        "float64",
        [
          0.00019567075219551912,
          0.0031127885892775773,
          0.0057860759102511174,
          -0.005555194472940117,
          0.002311661500368246,
          0.002954737756118819,
          0.019945927665687646,
          -0.016206549641742216,
          0.002805285662962264,
          -0.026991863955274,
          0.015655349297886572,
          0.008868778157825363,
          0.025180315204981353,
          -0.009981101363790346,
          -0.0008308693670695154,
          -0.026941643837348418,
          0.015631734410888446,
          -0.00975857129712413,
          0.019854211169874562,
          -0.016131630077662332,
          -0.0005996815565192269,
          -0.005579245975408866,
          0.002314090471134469,
          -0.0032104981641152583,
          0.00018993174151913926,
          0.0031354808917722398,
          -0.0034812024028787313
        ]
      ]
    },
    "free_energy": -89.02616069756998,
    "magmom": 2.9910427072133844e-08,
    "magmoms": {
      "__ndarray__": [
        [
          9
        ],
        "float64",
        [
          -1.21230197789331e-09,
          9.333079969423196e-09,
          -2.3694870934246394e-11,
          -1.1106212095914158e-09,
          -1.2649797241642215e-09,
          -5.300026008819151e-09,
          -1.5267583017157891e-10,
          7.297310400971435e-09,
          1.0499791777872774e-08
        ]
      ]
    },
    "mtime": 25.71477088822432,
    "numbers": {
      "__ndarray__": [
        [
          9
        ],
        "int64",
        [
          7,
          74,
          7,
          74,
          7,
          74,
          7,
          74,
          7
        ]
      ]
    },
    "pbc": {
      "__ndarray__": [
        [
          3
        ],
        "bool",
        [
          true,
          true,
          true
        ]
      ]
    },
    "positions": {
      "__ndarray__": [
        [
          9,
          3
        ],
        "float64",
        [
          1.453236,
          0.839026,
          0.562422,
          -0.0,
          0.0,
          1.64042,
          -0.0,
          1.678053,
          3.150093,
          -0.0,
          0.0,
          4.560126,
          1.453236,
          0.839026,
          5.999136,
          0.0,
          0.0,
          7.438296,
          -0.0,
          1.678053,
          8.848162,
          0.0,
          0.0,
          10.358139,
          1.453236,
          0.839026,
          11.436167
        ]
      ]
    },
    "stress": {
      "__ndarray__": [
        [
          6
        ],
        "float64",
        [
          0.0009591370261477361,
          0.0010942578993850865,
          0.002035587984865092,
          -1.9872306711334008e-07,
          1.8363124294116757e-07,
          0.0001300976192234215
        ]
      ]
    },
    "unique_id": "99443888b81eebd154882e8a19d6de4c",
    "user": " "
  },
  "ids": [
    1
  ],
  "nextid": 2
}