{
  "1": {
    "calculator": "gpaw",
    "calculator_parameters": {
      "hund": true,
      "kpts": [
        10,
        10,
        1
      ],
      "mode": {
        "ecut": 900.0000000000001,
        "name": "pw"
      },
      "spinpol": true,
      "xc": "PBE"
    },
    "cell": {
      "__ase_objtype__": "cell",
      "array": {
        "__ndarray__": [
          [
            3,
            3
          ],
          "float64",
          [
            2.894722,
            -0.0,
            -0.0,
            -1.447361,
            2.506903,
            0.0,
            0.0,
            0.0,
            30.0
          ]
        ]
      }
    },
    "ctime": 25.714772163210622,
    "dipole": {
      "__ndarray__": [
        [
          3
        ],
        "float64",
        [
          -9.882790046474057e-05,
          5.5079893851009776e-05,
          -41.36137436162967
        ]
      ]
    },
    "energy": -109.33361765941082,
    "forces": {
      "__ndarray__": [
        [
          11,
          3
        ],
        "float64",
        [
          0.0,
          -0.006971430880883981,
          -0.0014204364981799094,
          0.0,
          0.007366679485042022,
          -0.003335935812797429,
          0.0,
          -0.010586895635578863,
          -0.003574004527614777,
          0.0,
          -0.003019018508625907,
          -0.016787189286227102,
          0.0,
          0.018555925642170543,
          0.0058571835057916926,
          0.0,
          1.414429231779772e-05,
          -0.0021962248163755423,
          0.0,
          -0.018580892697396923,
          -0.006884933059338534,
          0.0,
          0.002988494962385322,
          0.01743875355002094,
          0.0,
          0.010511798862545623,
          0.0025126984852015697,
          0.0,
          -0.007363392641630871,
          0.0029187145290058237,
          0.0,
          0.00688912360706588,
          -0.011669037000248517
        ]
      ]
    },
    "free_energy": -109.42729399168996,
    "magmom": -2.0303943845936856e-08,
    "magmoms": {
      "__ndarray__": [
        [
          11
        ],
        "float64",
        [
          -8.372986050580766e-09,
          -7.634960991282035e-09,
          -1.1516983428576399e-10,
          -7.3480659594007184e-09,
          7.553729858908485e-09,
          -1.1938774281270124e-08,
          7.830858765739773e-09,
          -9.460018111549687e-09,
          5.874193546658359e-09,
          -8.700484922737985e-09,
          2.1086214633270296e-09
        ]
      ]
    },
    "mtime": 25.714772163210622,
    "numbers": {
      "__ndarray__": [
        [
          11
        ],
        "int64",
        [
          7,
          74,
          7,
          74,
          7,
          74,
          7,
          74,
          7,
          74,
          7
        ]
      ]
    },
    "pbc": {
      "__ndarray__": [
        [
          3
        ],
        "bool",
        [
          true,
          true,
          true
        ]
      ]
    },
    "positions": {
      "__ndarray__": [
        [
          11,
          3
        ],
        "float64",
        [
          1.447361,
          0.835634,
          0.310321,
          -0.0,
          0.0,
          1.396902,
          -0.0,
          1.671269,
          2.917904,
          0.0,
          0.0,
          4.327669,
          1.447361,
          0.835634,
          5.771331,
          -0.0,
          0.0,
          7.199072,
          -0.0,
          1.671269,
          8.626756,
          0.0,
          0.0,
          10.070335,
          1.447361,
          0.835634,
          11.480165,
          -0.0,
          0.0,
          13.001179,
          -0.0,
          1.671269,
          14.088126
        ]
      ]
    },
    "stress": {
      "__ndarray__": [
        [
          6
        ],
        "float64",
        [
          0.0008426269931455341,
          0.0002571867974227379,
          0.0012192815485378538,
          -0.0003403304203644675,
          0.0,
          0.0
        ]
      ]
    },
    "unique_id": "d808b4ca8fab1d21280a50dee8355ffd",
    "user": " "
  },
  "ids": [
    1
  ],
  "nextid": 2
}